_idx,_name,area_ellipse,area_exact,flux,peak,npix,major_sigma,minor_sigma,major_fwhm,minor_fwhm,position_angle,radius,x_cen,y_cen,rejected,100.0GHz_snr,score,notes,G2018,notesG2018,S2016_HII,HII?
1057,1057,1.31E-09,3.24E-09,0.001912585,0.000700606,105,2.19E-05,1.38E-05,5.16E-05,3.24E-05,63.4895868,1.74E-05,266.8325084,-28.39884116,0,5.535402633,2,,core_77,,,
1494,1494,4.84E-10,1.70E-09,0.000950725,0.00075174,55,1.66E-05,6.71E-06,3.90E-05,1.58E-05,145.890167,1.05E-05,266.8330348,-28.39849659,0,6.533673594,2,,,,,
1612,1612,1.29E-09,4.23E-09,0.002245607,0.000782252,137,2.23E-05,1.32E-05,5.26E-05,3.11E-05,102.1620036,1.72E-05,266.8327966,-28.39839002,0,5.843718634,2,,core_78,,,
2069,2069,1.83E-10,6.48E-10,0.000268769,0.000403482,21,8.10E-06,5.20E-06,1.91E-05,1.22E-05,154.797297,6.49E-06,266.8314493,-28.3981341,0,5.214023237,2,,core_127,,,
2317,2317,2.38E-09,1.01E-08,0.008165839,0.001985404,328,3.03E-05,1.81E-05,7.14E-05,4.25E-05,152.188553,2.34E-05,266.8287669,-28.39790924,0,15.37348757,2,,core_72,,,
2669,2669,3.89E-10,1.30E-09,0.000586172,0.000473623,42,1.26E-05,7.05E-06,2.98E-05,1.66E-05,126.15422,9.45E-06,266.8321344,-28.39765494,0,6.056987356,2,,core_126,,,
2674,2674,4.53E-10,1.30E-09,0.000478742,0.000366617,42,1.52E-05,6.85E-06,3.58E-05,1.61E-05,-146.9700688,1.02E-05,266.8322685,-28.39764702,0,4.023729306,0,,core_74,Same flux?,,
3042,3042,2.88E-09,9.48E-09,0.006254888,0.001929102,307,3.42E-05,1.93E-05,8.05E-05,4.55E-05,125.3976538,2.57E-05,266.8315622,-28.39720431,0,30.4134104,2,,,,,
3202,3202,5.68E-10,1.48E-09,0.000545475,0.000462412,48,1.94E-05,6.70E-06,4.58E-05,1.58E-05,157.2514557,1.14E-05,266.8350617,-28.39707968,0,3.790322935,2,,,,,
3283,3283,3.79E-10,1.23E-09,0.002613676,0.001921754,40,1.32E-05,6.59E-06,3.11E-05,1.55E-05,118.1539273,9.33E-06,266.8332692,-28.39691927,0,9.939744212,2,,core_76,,,
3312,3312,3.17E-10,9.57E-10,0.000915447,0.000695517,31,1.15E-05,6.33E-06,2.71E-05,1.49E-05,60.86790883,8.53E-06,266.8330634,-28.39687421,0,5.67382809,2,,core_249,,,
3321,3321,3.00E-10,9.57E-10,0.001847336,0.001666579,31,8.66E-06,7.96E-06,2.04E-05,1.87E-05,-157.0275414,8.30E-06,266.8332552,-28.39687176,0,7.30440448,2,,core_76,,,
3348,3348,2.22E-10,5.86E-10,0.000541383,0.000632221,19,7.58E-06,6.71E-06,1.79E-05,1.58E-05,125.3816605,7.13E-06,266.8330462,-28.39683199,0,6.144368558,0,Fillament?,core_249,,,
3349,3349,1.20E-09,3.12E-09,0.002032754,0.000675951,101,2.27E-05,1.21E-05,5.35E-05,2.86E-05,-140.5737344,1.66E-05,266.8329419,-28.39682048,0,6.345418692,2,Coordinates,core_249,,,
3369,3369,1.28E-09,4.14E-09,0.002194206,0.00076615,134,1.77E-05,1.66E-05,4.16E-05,3.91E-05,-175.0650308,1.71E-05,266.8347456,-28.3967738,0,8.504079226,2,,,,,
3648,3648,4.98E-10,1.82E-09,0.001003945,0.000642339,59,1.21E-05,9.44E-06,2.86E-05,2.22E-05,134.6904787,1.07E-05,266.8314911,-28.39646005,0,12.42099855,2,,core_75,Fragmented,,
3692,3692,7.50E-10,2.87E-09,0.001721829,0.0009261,93,1.46E-05,1.18E-05,3.44E-05,2.77E-05,171.1519912,1.31E-05,266.8315753,-28.39640777,0,10.94823689,2,,core_75,Fragmented,,
3764,3764,2.44E-09,7.59E-09,0.003000307,0.000666837,246,3.21E-05,1.74E-05,7.56E-05,4.11E-05,73.52411031,2.37E-05,266.8335041,-28.39628041,0,7.377874222,3,min delta,,,,
3817,3817,5.81E-10,2.50E-09,0.002420282,0.001563369,81,1.29E-05,1.03E-05,3.05E-05,2.43E-05,91.59127002,1.15E-05,266.8353241,-28.39623565,0,16.82920681,2,close to HII,,,,2
3873,3873,3.45E-10,1.17E-09,0.001590205,0.001289964,38,1.09E-05,7.30E-06,2.56E-05,1.72E-05,111.32645,8.90E-06,266.8352814,-28.39613814,0,6.775753646,2,close to HII,,,,2
3888,3888,1.07E-09,4.29E-09,0.005856816,0.002171162,139,1.73E-05,1.42E-05,4.08E-05,3.35E-05,67.11050997,1.57E-05,266.8353722,-28.39608732,0,8.776996498,2,close to HII,,,,2
3897,3897,2.08E-10,7.41E-10,0.001198237,0.001646794,24,8.05E-06,5.92E-06,1.90E-05,1.39E-05,121.5749396,6.90E-06,266.8352777,-28.3960953,0,5.131315934,2,close to HII,,,,2
3997,3997,9.70E-10,2.90E-09,0.002365464,0.000642096,94,2.01E-05,1.11E-05,4.73E-05,2.61E-05,52.92097189,1.49E-05,266.834843,-28.39589551,0,1.257452733,0,,,,,
4030,4030,2.68E-10,8.33E-10,0.000621678,0.000571227,27,8.94E-06,6.90E-06,2.10E-05,1.62E-05,62.2532119,7.85E-06,266.8347861,-28.39583779,0,2.007186954,0,*close to HII,,,,
4049,4049,4.32E-10,1.17E-09,0.000813663,0.000506258,38,1.39E-05,7.11E-06,3.28E-05,1.67E-05,54.72705862,9.96E-06,266.8347615,-28.39578427,0,3.374410267,0,*close to HII,,,,
4058,4058,5.47E-10,1.88E-09,0.002143224,0.001199126,61,1.42E-05,8.86E-06,3.34E-05,2.09E-05,-160.8195416,1.12E-05,266.8354263,-28.39576785,0,4.410482338,2,*close to HII. Not sure,,,,2
4117,4117,2.27E-09,6.48E-09,0.002923155,0.000663166,210,3.68E-05,1.42E-05,8.66E-05,3.33E-05,106.5600311,2.28E-05,266.8348967,-28.39559263,0,3.618011618,0,,,,,
4150,4150,1.13E-09,2.81E-09,0.001064377,0.000367818,91,2.21E-05,1.17E-05,5.20E-05,2.76E-05,130.7527608,1.61E-05,266.8350792,-28.39558342,0,1.684225896,0,,,,,
4157,4157,4.76E-09,1.44E-08,0.006491603,0.000695539,465,4.96E-05,2.21E-05,0.000116744,5.20E-05,156.9635182,3.31E-05,266.8352515,-28.39549988,0,5.394946851,3,min delta,,,,
4166,4166,7.49E-10,1.54E-09,0.000496361,0.000293539,50,2.41E-05,7.13E-06,5.68E-05,1.68E-05,162.6461634,1.31E-05,266.8350371,-28.39554153,0,1.713011336,0,,,,,
4182,4182,3.49E-10,1.23E-09,0.000542847,0.000518829,40,1.01E-05,7.95E-06,2.37E-05,1.87E-05,101.270387,8.95E-06,266.8326052,-28.39550847,0,7.249934463,2,,,,,
4201,4201,1.67E-09,7.22E-09,0.004390347,0.001625951,234,2.26E-05,1.70E-05,5.33E-05,4.00E-05,101.7887129,1.96E-05,266.8323813,-28.3954326,0,21.65299135,2,,core_82,,,
4230,4230,1.21E-09,4.32E-09,0.001968669,0.000777405,140,1.99E-05,1.40E-05,4.69E-05,3.29E-05,111.8045553,1.67E-05,266.8340372,-28.39538837,0,8.84579537,2,,core_81,,,
4342,4342,8.04E-10,1.45E-09,0.000506312,0.000392264,47,1.72E-05,1.08E-05,4.04E-05,2.53E-05,53.46549115,1.36E-05,266.824631,-28.39509329,0,6.082230764,2,,,,,
4584,4584,8.50E-10,2.56E-09,0.001029737,0.000483447,83,2.08E-05,9.38E-06,4.90E-05,2.21E-05,131.0188632,1.40E-05,266.825697,-28.39439005,0,5.124439079,2,,core_123,,,
4658,4658,6.71E-10,2.10E-09,0.000830441,0.000394481,68,1.84E-05,8.35E-06,4.34E-05,1.97E-05,160.1519833,1.24E-05,266.8260403,-28.39415868,0,5.298560212,3,Two sources?,core_124,,,
4712,4712,1.36E-09,4.04E-09,0.001507826,0.000432159,131,2.56E-05,1.22E-05,6.03E-05,2.87E-05,134.7100666,1.77E-05,266.8266509,-28.39391787,0,9.533166958,3,min delta,,,,
5220,5220,3.57E-10,1.33E-09,0.000661263,0.000597459,43,1.04E-05,7.91E-06,2.44E-05,1.86E-05,145.8473507,9.05E-06,266.8337266,-28.3926775,0,15.63084864,2,,core_268,,,
5433,5433,2.67E-09,8.80E-09,0.004567797,0.000746541,285,4.09E-05,1.50E-05,9.63E-05,3.53E-05,164.428109,2.48E-05,266.8277769,-28.39226514,0,17.40391477,3,Two sources,core_83,,,
5628,5628,3.51E-10,1.42E-09,0.000879301,0.000835609,46,1.04E-05,7.74E-06,2.45E-05,1.82E-05,135.1953589,8.97E-06,266.8334114,-28.39188978,0,31.2141724,2,,core_139,Same flux?,,
5664,5664,3.24E-10,1.30E-09,0.00097844,0.000952236,42,1.04E-05,7.17E-06,2.44E-05,1.69E-05,137.1559309,8.62E-06,266.8332797,-28.39182425,0,29.02449757,2,,core_270,Same flux?,,
5728,5728,2.42E-10,8.33E-10,0.000339326,0.000390753,27,8.01E-06,6.95E-06,1.89E-05,1.64E-05,105.2046421,7.46E-06,266.8329418,-28.39167797,0,10.05814299,2,,,,,
5835,5835,5.36E-10,1.79E-09,0.000784597,0.000521025,58,1.34E-05,9.18E-06,3.16E-05,2.16E-05,-157.6315493,1.11E-05,266.8327085,-28.39142499,0,16.76818986,2,,core_271,,,
6011,6011,1.90E-10,6.48E-10,0.000244232,0.000351085,21,7.74E-06,5.63E-06,1.82E-05,1.32E-05,142.1668104,6.60E-06,266.8332663,-28.39092451,0,12.04461961,2,,,,,
6151,6151,3.53E-10,1.23E-09,0.000540117,0.000488415,40,9.17E-06,8.84E-06,2.16E-05,2.08E-05,177.8273871,9.00E-06,266.8226157,-28.39036292,0,6.448879551,2,,,,,
6281,6281,7.54E-10,2.96E-09,0.001933438,0.001169602,96,1.62E-05,1.07E-05,3.81E-05,2.52E-05,-166.6125671,1.32E-05,266.8302341,-28.38985824,0,42.09993286,2,,core_130,,,
6371,6371,3.18E-10,1.02E-09,0.000344702,0.000298351,33,9.30E-06,7.86E-06,2.19E-05,1.85E-05,165.4509361,8.55E-06,266.8251875,-28.38939136,0,4.936396983,2,Might be another source close by,core_164,,,
6834,6834,6.06E-10,2.13E-09,0.001106922,0.000758471,69,1.77E-05,7.88E-06,4.16E-05,1.86E-05,130.3335461,1.18E-05,266.831281,-28.38796472,0,12.85772991,2,,core_148,Fragmented,,
6845,6845,3.04E-10,1.08E-09,0.000472127,0.000443452,35,1.09E-05,6.38E-06,2.57E-05,1.50E-05,145.7241256,8.35E-06,266.8313597,-28.38795068,0,5.887616306,2,,core_148,Fragmented,,
7255,7255,1.58E-09,5.46E-09,0.002507554,0.000588423,177,2.05E-05,1.77E-05,4.83E-05,4.17E-05,51.50265794,1.91E-05,266.8311113,-28.38701029,0,20.6841803,2,,core_131,Same flux?,,
7471,7471,3.00E-10,9.57E-10,0.000310109,0.000270537,31,1.17E-05,5.92E-06,2.75E-05,1.39E-05,148.7463803,8.31E-06,266.8318581,-28.38652578,0,5.641635347,2,Could be not real,,,,
7543,7543,1.94E-10,6.48E-10,0.000238499,0.000336085,21,8.95E-06,4.98E-06,2.11E-05,1.17E-05,118.8508899,6.67E-06,266.8334024,-28.38640531,0,6.943552336,2,,,,,
7560,7560,5.28E-10,1.54E-09,0.000661872,0.000327148,50,1.22E-05,9.92E-06,2.88E-05,2.34E-05,67.41284047,1.10E-05,266.8319313,-28.38632134,0,8.722007963,2,,,,,
7573,7573,1.62E-10,5.25E-10,0.000239274,0.000359355,17,6.89E-06,5.40E-06,1.62E-05,1.27E-05,161.76605,6.10E-06,266.8318933,-28.38629439,0,6.805460716,2,,,,,
7605,7605,8.51E-10,2.99E-09,0.001348513,0.000472329,97,1.65E-05,1.19E-05,3.87E-05,2.80E-05,79.57882835,1.40E-05,266.8255258,-28.38617155,0,10.57667202,2,,core_216,,,
7622,7622,4.21E-10,1.45E-09,0.001004999,0.00070541,47,1.17E-05,8.26E-06,2.76E-05,1.95E-05,133.8203449,9.83E-06,266.8319027,-28.38613927,0,9.156112584,2,,,,,
7627,7627,4.07E-10,1.27E-09,0.000817247,0.000663295,41,1.39E-05,6.74E-06,3.26E-05,1.59E-05,165.0499207,9.66E-06,266.8319783,-28.38613212,0,8.565976379,2,,,,,
7637,7637,7.85E-10,2.84E-09,0.001546806,0.000638179,92,1.72E-05,1.05E-05,4.04E-05,2.48E-05,110.9826856,1.34E-05,266.8330388,-28.38607391,0,13.32163863,2,,core_168,,,
7678,7678,6.46E-10,2.07E-09,0.000817059,0.000387173,67,1.84E-05,8.06E-06,4.33E-05,1.90E-05,122.7955809,1.22E-05,266.8333222,-28.38599241,0,6.072339255,0,Fillament?,,,,
7691,7691,1.10E-09,4.32E-09,0.003562782,0.001505214,140,1.82E-05,1.39E-05,4.29E-05,3.27E-05,148.4836649,1.59E-05,266.8320559,-28.3859214,0,26.35926597,2,,core_89,,,
7721,7721,3.33E-10,1.11E-09,0.000416758,0.00033836,36,9.87E-06,7.76E-06,2.32E-05,1.83E-05,146.8241254,8.75E-06,266.8329167,-28.38588347,0,5.080929116,2,,,,,
7741,7741,1.41E-09,4.01E-09,0.001950966,0.000676843,130,2.21E-05,1.47E-05,5.21E-05,3.46E-05,148.4068556,1.80E-05,266.8306542,-28.3858118,0,9.399307111,2,,core_91,,,
7752,7752,8.77E-10,3.21E-09,0.00149431,0.000562803,104,2.08E-05,9.70E-06,4.89E-05,2.29E-05,94.29139048,1.42E-05,266.8318823,-28.38577637,0,8.709523306,0,Fillament?,,,,
7765,7765,7.72E-10,2.72E-09,0.001540016,0.000853649,88,1.64E-05,1.08E-05,3.86E-05,2.55E-05,-149.5938907,1.33E-05,266.8320389,-28.38577217,0,13.86945359,2,,,,,
7779,7779,3.36E-10,1.08E-09,0.000369363,0.000282876,35,1.01E-05,7.62E-06,2.38E-05,1.79E-05,120.9425556,8.78E-06,266.8285248,-28.38575813,0,5.386136592,2,,,,,
7781,7781,9.95E-09,1.73E-08,0.00624867,0.001078171,559,7.61E-05,3.00E-05,0.000179261,7.07E-05,78.044483,4.78E-05,266.8315203,-28.3856662,0,28.46927026,3,min delta,,,,
7802,7802,4.16E-09,1.66E-08,0.020683151,0.004973722,539,4.22E-05,2.26E-05,9.94E-05,5.32E-05,-148.2196137,3.09E-05,266.8317337,-28.38562449,0,61.32331876,3,hmm,core_88,,,
7821,7821,1.50E-09,8.21E-09,0.025230202,0.007136187,266,1.95E-05,1.76E-05,4.60E-05,4.15E-05,176.7957662,1.85E-05,266.8346848,-28.38560402,0,77.52555592,2,HII region?,,,I10.52,2
7845,7845,8.21E-10,2.41E-09,0.001406921,0.000538459,78,2.19E-05,8.61E-06,5.15E-05,2.03E-05,165.1309156,1.37E-05,266.8318716,-28.38556652,0,7.648495751,2,,,,,
7872,7872,8.69E-10,2.44E-09,0.000894643,0.000425001,79,2.17E-05,9.22E-06,5.10E-05,2.17E-05,175.4268955,1.41E-05,266.8308821,-28.38551524,0,6.188622009,3,min delta,core_165,,,
7882,7882,1.06E-09,3.33E-09,0.001391718,0.000542374,108,2.06E-05,1.18E-05,4.86E-05,2.79E-05,149.2386178,1.56E-05,266.8317004,-28.38548043,0,9.644803667,3,min value,,,,
7888,7888,3.11E-09,7.81E-09,0.003891083,0.001060787,253,3.60E-05,1.98E-05,8.49E-05,4.67E-05,-144.3754149,2.67E-05,266.8309991,-28.38546594,0,18.70493943,3,"min delta, two sources",core_165,,,
7899,7899,1.03E-09,2.84E-09,0.000891335,0.000310492,92,2.91E-05,8.18E-06,6.84E-05,1.93E-05,-142.5438419,1.54E-05,266.8286326,-28.38544529,0,7.615032978,3,Two sources?,,,,
7926,7926,5.62E-10,1.67E-09,0.000544558,0.000291556,54,1.18E-05,1.10E-05,2.77E-05,2.58E-05,69.03698678,1.14E-05,266.826031,-28.38539878,0,10.42153617,2,,core_221,,,
7930,7930,6.64E-10,2.62E-09,0.002256576,0.001157333,85,1.45E-05,1.05E-05,3.42E-05,2.47E-05,139.6991192,1.23E-05,266.8316576,-28.3853859,0,15.97006711,2,,core_226,,,
7955,7955,2.76E-10,8.64E-10,0.000812246,0.000755439,28,8.69E-06,7.29E-06,2.05E-05,1.72E-05,46.03923947,7.96E-06,266.8343648,-28.38536794,0,6.298341703,2,,core_239,,,
7983,7983,3.79E-10,1.17E-09,0.001018265,0.00068196,38,1.52E-05,5.71E-06,3.58E-05,1.34E-05,163.9608284,9.32E-06,266.8315169,-28.38532995,0,11.25321739,0,Fillament?,core_226,,,
7998,7998,1.24E-09,2.96E-09,0.003155959,0.001270708,96,2.27E-05,1.25E-05,5.35E-05,2.95E-05,-172.1646338,1.69E-05,266.831607,-28.38528891,0,17.2997449,2,Contour,core_226,,,
8007,8007,8.07E-10,3.02E-09,0.001848702,0.000815314,98,1.74E-05,1.06E-05,4.11E-05,2.50E-05,174.4682153,1.36E-05,266.8311161,-28.38526665,0,14.45121463,3,Maybe two sources,core_166,,,
8016,8016,4.45E-10,1.51E-09,0.000623254,0.000409267,49,1.48E-05,6.90E-06,3.49E-05,1.63E-05,135.0770758,1.01E-05,266.82599,-28.38525723,0,10.23691726,2,,,,,
8020,8020,1.71E-09,5.52E-09,0.003045073,0.001182917,179,3.17E-05,1.24E-05,7.45E-05,2.92E-05,86.86530387,1.98E-05,266.8328848,-28.38520456,0,10.93046464,3,min value,,,,
8034,8034,8.56E-10,2.78E-09,0.00111295,0.000544686,90,2.69E-05,7.30E-06,6.34E-05,1.72E-05,149.4822028,1.40E-05,266.8287595,-28.38521771,0,11.56424543,2,,,,,
8047,8047,4.47E-10,1.60E-09,0.000732567,0.00052048,52,1.12E-05,9.16E-06,2.64E-05,2.16E-05,170.0421359,1.01E-05,266.8240157,-28.38520409,0,15.01622011,2,,core_154,,,
8061,8061,3.20E-09,7.62E-09,0.002803955,0.000428739,247,3.07E-05,2.39E-05,7.23E-05,5.64E-05,122.4642903,2.71E-05,266.8292076,-28.38515919,0,10.31179682,3,min delta,,,,
8076,8076,9.18E-10,3.43E-09,0.001827133,0.000729997,111,1.80E-05,1.17E-05,4.23E-05,2.76E-05,163.5400389,1.45E-05,266.8289872,-28.38515024,0,21.56743097,2,,,,,
8124,8124,3.90E-10,1.30E-09,0.000493599,0.000360396,42,1.35E-05,6.62E-06,3.18E-05,1.56E-05,137.0483287,9.46E-06,266.8265394,-28.3850699,0,13.08267209,2,,core_153,,,
8277,8277,8.66E-10,2.44E-09,0.000739496,0.000258541,79,1.93E-05,1.03E-05,4.56E-05,2.42E-05,92.89956335,1.41E-05,266.8245162,-28.38477759,0,5.732887353,0,Not sure,,,,
8321,8321,8.84E-09,2.58E-08,0.01117584,0.001134046,836,5.86E-05,3.46E-05,0.000137901,8.16E-05,77.0167865,4.50E-05,266.8295195,-28.38456823,0,18.99533454,3,min delta,,,,
8332,8332,6.42E-10,2.28E-09,0.001030286,0.00051651,74,1.34E-05,1.10E-05,3.16E-05,2.58E-05,109.4324708,1.21E-05,266.8292819,-28.38468018,0,23.03503883,2,,,,,
8335,8335,2.25E-10,7.72E-10,0.000306486,0.00038063,25,9.53E-06,5.42E-06,2.24E-05,1.28E-05,149.1109065,7.19E-06,266.8247379,-28.38468858,0,11.21310733,2,,core_215,,,
8378,8378,4.22E-10,1.42E-09,0.000569596,0.000410215,46,1.13E-05,8.62E-06,2.65E-05,2.03E-05,115.4588658,9.85E-06,266.8250038,-28.38457515,0,6.85444578,2,,,,,
8382,8382,2.45E-10,8.95E-10,0.000459769,0.000555673,29,8.57E-06,6.56E-06,2.02E-05,1.54E-05,145.1277571,7.49E-06,266.8245279,-28.38457265,0,14.89561123,2,,,,,
8411,8411,3.35E-09,9.41E-09,0.004342012,0.001052654,305,4.19E-05,1.84E-05,9.86E-05,4.33E-05,126.1548034,2.77E-05,266.8323954,-28.38441187,0,15.82908932,3,min delta,,,,
8414,8414,4.02E-09,1.14E-08,0.008831442,0.002156062,369,3.72E-05,2.48E-05,8.76E-05,5.84E-05,99.11101239,3.04E-05,266.8281203,-28.38441512,0,21.90984421,3,Contour,core_132,,,
8419,8419,1.57E-10,5.25E-10,0.000180178,0.000292874,17,6.76E-06,5.35E-06,1.59E-05,1.26E-05,160.5574341,6.01E-06,266.8292044,-28.38446548,0,9.697664059,2,,,,,
8426,8426,3.32E-09,8.43E-09,0.003709747,0.00073338,273,4.12E-05,1.85E-05,9.71E-05,4.36E-05,133.8626828,2.76E-05,266.8311946,-28.38439505,0,13.82031171,3,Bad contour,,,,
8443,8443,2.38E-09,1.06E-08,0.011234986,0.003056953,342,3.13E-05,1.75E-05,7.36E-05,4.12E-05,-162.1683204,2.34E-05,266.8251238,-28.38434233,0,50.15347848,2,,core_85,,,
8455,8455,3.00E-10,1.05E-09,0.000429227,0.00043266,34,8.81E-06,7.81E-06,2.08E-05,1.84E-05,117.7233043,8.30E-06,266.8283733,-28.38437563,0,10.76167581,2,,,,,
8456,8456,8.45E-10,3.09E-09,0.001650439,0.000700641,100,1.98E-05,9.82E-06,4.65E-05,2.31E-05,162.6049271,1.39E-05,266.8280179,-28.38436492,0,8.510001335,2,,,,,
8461,8461,2.26E-09,6.39E-09,0.002479613,0.000327964,207,3.80E-05,1.37E-05,8.95E-05,3.22E-05,102.3035095,2.28E-05,266.8310834,-28.38430824,0,5.575806576,0,,,,,
8478,8478,1.29E-09,3.98E-09,0.001595589,0.000338952,129,2.03E-05,1.45E-05,4.79E-05,3.42E-05,106.2487117,1.72E-05,266.8309882,-28.38431663,0,3.94712399,3,Two sources,,,,
8502,8502,7.94E-10,2.50E-09,0.000853317,0.000299501,81,1.57E-05,1.16E-05,3.70E-05,2.73E-05,85.68123382,1.35E-05,266.8279361,-28.38427174,0,6.884370657,2,Extended,,,,
8515,8515,1.33E-09,4.75E-09,0.003758659,0.00138798,154,2.59E-05,1.17E-05,6.11E-05,2.76E-05,100.7321847,1.74E-05,266.8315023,-28.38420683,0,10.03135925,3,min delta,,,,
8516,8516,4.97E-10,2.04E-09,0.001445089,0.00103586,66,1.18E-05,9.66E-06,2.78E-05,2.27E-05,-178.3546943,1.07E-05,266.8314039,-28.38425415,0,7.805751727,2,,,,,
8518,8518,2.12E-09,5.96E-09,0.002035125,0.000315839,193,3.04E-05,1.60E-05,7.15E-05,3.78E-05,143.2590237,2.21E-05,266.8312133,-28.38422822,0,4.930250001,0,,,,,
8526,8526,5.83E-10,2.19E-09,0.001134288,0.000741018,71,1.28E-05,1.04E-05,3.03E-05,2.45E-05,64.05408303,1.16E-05,266.8308315,-28.38424162,0,20.77244689,2,,,,,
8527,8527,7.63E-10,2.35E-09,0.000755708,0.000270815,76,1.85E-05,9.47E-06,4.35E-05,2.23E-05,-147.8052034,1.32E-05,266.8287395,-28.38423545,0,6.375602702,2,,,,,
8562,8562,9.18E-10,3.27E-09,0.0018988,0.00074181,106,2.02E-05,1.04E-05,4.76E-05,2.46E-05,79.17335361,1.45E-05,266.8307344,-28.38418935,0,15.64711085,3,"min delta, two sources",core_93,,,
8577,8577,2.23E-09,4.69E-09,0.00212022,0.000379363,152,3.01E-05,1.70E-05,7.08E-05,4.01E-05,140.0620717,2.26E-05,266.8314155,-28.38415794,0,2.721195031,0,,,,,
8579,8579,1.99E-09,6.33E-09,0.002740358,0.000757598,205,3.84E-05,1.19E-05,9.03E-05,2.80E-05,65.90653275,2.14E-05,266.8295504,-28.38411186,0,8.971852433,3,min delta,,,,
8593,8593,3.60E-10,1.14E-09,0.000576509,0.000432105,37,1.18E-05,6.98E-06,2.78E-05,1.64E-05,153.0568488,9.09E-06,266.8314954,-28.38414083,0,2.361656752,0,,,,,
8603,8603,3.44E-10,1.33E-09,0.000772751,0.000718946,43,9.80E-06,8.06E-06,2.31E-05,1.90E-05,139.8629133,8.89E-06,266.8300633,-28.38413189,0,27.70636631,2,,,,,
8629,8629,9.44E-10,3.49E-09,0.00264711,0.001217587,113,2.24E-05,9.69E-06,5.27E-05,2.28E-05,129.6512316,1.47E-05,266.8315132,-28.38405677,0,9.473987339,2,,,,,
8762,8762,3.64E-10,1.30E-09,0.000561841,0.000467008,42,1.14E-05,7.32E-06,2.69E-05,1.72E-05,130.7666154,9.15E-06,266.828431,-28.38383995,0,8.468391989,2,,,,,
8858,8858,3.84E-10,1.33E-09,0.000544715,0.000427575,43,1.11E-05,7.96E-06,2.61E-05,1.87E-05,153.9837145,9.39E-06,266.8284929,-28.38350919,0,10.40587592,2,,,,,
8885,8885,3.35E-09,1.24E-08,0.008396946,0.001416944,402,3.90E-05,1.97E-05,9.19E-05,4.64E-05,-174.3106787,2.77E-05,266.8338729,-28.38340601,0,11.86765581,2,,,,F10.32,
8894,8894,5.56E-10,2.56E-09,0.002378463,0.001568985,83,1.23E-05,1.03E-05,2.90E-05,2.44E-05,141.8841203,1.13E-05,266.8255672,-28.38338803,0,47.19675814,2,,core_84,,,
8998,8998,3.09E-10,1.14E-09,0.000580903,0.000590249,37,9.09E-06,7.81E-06,2.14E-05,1.84E-05,101.6413774,8.43E-06,266.8283187,-28.38306673,0,20.93402055,2,,,,,
9133,9133,2.90E-10,1.02E-09,0.000421691,0.000429487,33,9.30E-06,7.15E-06,2.19E-05,1.68E-05,119.6254097,8.16E-06,266.8278755,-28.38279219,0,11.87254999,2,,,,,
9228,9228,1.27E-09,4.10E-09,0.002154778,0.000646598,133,2.04E-05,1.44E-05,4.80E-05,3.38E-05,46.9437498,1.71E-05,266.8336907,-28.38254404,0,6.767632827,2,,core_169,,,
9235,9235,4.73E-10,1.76E-09,0.000893151,0.000595759,57,1.10E-05,9.84E-06,2.60E-05,2.32E-05,155.3946815,1.04E-05,266.8279283,-28.38255082,0,20.95419662,2,,,,,
9263,9263,1.40E-09,4.51E-09,0.002741478,0.00085348,146,2.20E-05,1.46E-05,5.18E-05,3.43E-05,96.9408585,1.79E-05,266.828002,-28.38242049,0,13.26609789,3,min delta,core_246,"Fragmented, dense region",,
9274,9274,8.62E-10,2.22E-09,0.000818194,0.000340693,72,2.81E-05,7.05E-06,6.61E-05,1.66E-05,105.4531132,1.41E-05,266.8282266,-28.38240396,0,5.838329715,0,,,,,
9277,9277,8.05E-10,3.24E-09,0.002453625,0.001186173,105,1.88E-05,9.85E-06,4.42E-05,2.32E-05,132.0816252,1.36E-05,266.8268408,-28.38239979,0,39.95740525,2,,core_95,Same flux?,,
9290,9290,6.70E-10,2.28E-09,0.001107983,0.000547924,74,1.50E-05,1.03E-05,3.52E-05,2.42E-05,123.545902,1.24E-05,266.8281778,-28.38238023,0,4.75542874,2,,,,,
9309,9309,6.85E-10,2.10E-09,0.000871745,0.00040373,68,1.39E-05,1.13E-05,3.28E-05,2.66E-05,140.8044348,1.25E-05,266.8281151,-28.38235123,0,4.254907447,0,Not sure,core_246,"Fragmented, dense region",,
9313,9313,2.34E-09,6.57E-09,0.004451024,0.001271104,213,3.07E-05,1.75E-05,7.24E-05,4.12E-05,119.7529165,2.32E-05,266.8279905,-28.38232988,0,9.513410719,3,min delta,core_246,"Fragmented, dense region",,
9333,9333,7.19E-10,2.87E-09,0.001583891,0.000798301,93,1.41E-05,1.17E-05,3.32E-05,2.76E-05,132.4785238,1.28E-05,266.8281894,-28.382291,0,11.53767586,2,,,,,
9365,9365,5.10E-10,1.64E-09,0.000689289,0.000388609,53,1.24E-05,9.40E-06,2.93E-05,2.21E-05,-141.9076303,1.08E-05,266.828069,-28.38223457,0,11.03744362,2,,,,,
9387,9387,5.56E-10,1.85E-09,0.000769105,0.000420193,60,1.51E-05,8.47E-06,3.55E-05,1.99E-05,132.366046,1.13E-05,266.8330973,-28.38215504,0,6.808723863,2,Disk?,core_247,,,
9391,9391,2.87E-10,9.26E-10,0.000333865,0.000366809,30,9.97E-06,6.60E-06,2.35E-05,1.56E-05,103.9513257,8.11E-06,266.8280373,-28.38215222,0,8.251008204,2,,,,,
9490,9490,5.04E-10,2.62E-09,0.003070432,0.002534212,85,1.13E-05,1.02E-05,2.66E-05,2.41E-05,132.2836634,1.08E-05,266.8277337,-28.38187515,0,22.02675665,2,,core_182_Y,Core inside HII region?,,2
9525,9525,1.98E-10,6.48E-10,0.000233451,0.000315939,21,7.66E-06,5.94E-06,1.80E-05,1.40E-05,164.165819,6.74E-06,266.8282183,-28.38181705,0,10.3801381,2,,,,,
9526,9526,4.20E-10,1.45E-09,0.000597336,0.000452837,47,1.29E-05,7.47E-06,3.04E-05,1.76E-05,146.7610403,9.82E-06,266.8270716,-28.3818106,0,13.31130452,2,,,,,
9594,9594,3.63E-10,1.14E-09,0.000409628,0.000315991,37,9.99E-06,8.33E-06,2.35E-05,1.96E-05,175.3039746,9.13E-06,266.8282902,-28.38167879,0,9.825182503,2,,,,,
9607,9607,4.51E-10,1.42E-09,0.000445234,0.000261117,46,1.18E-05,8.76E-06,2.79E-05,2.06E-05,79.06602836,1.02E-05,266.8287878,-28.38164534,0,6.268501473,2,,,,,
9714,9714,2.41E-09,8.33E-09,0.003666847,0.000561457,270,2.97E-05,1.86E-05,7.00E-05,4.38E-05,114.9011776,2.35E-05,266.8253837,-28.38121679,0,20.07293456,2,,core_94,,,
10020,10020,1.37E-09,4.38E-09,0.001683505,0.000350924,142,1.85E-05,1.70E-05,4.36E-05,4.00E-05,-135.8765996,1.77E-05,266.8328647,-28.37984171,0,4.827633472,1,HII region?,core_229,,,2
1012,1012,3.26E-09,1.15E-08,0.007115349,0.001281427,372,3.42E-05,2.19E-05,8.04E-05,5.16E-05,51.03449172,2.74E-05,266.8343394,-28.3853369,0,15.11449365,3,min delta,core_239,,,
1034,1034,7.61E-10,2.65E-09,0.003217815,0.001307916,86,1.78E-05,9.80E-06,4.20E-05,2.31E-05,55.71453319,1.32E-05,266.8342196,-28.38522623,0,7.956574905,2,,,,,
1035,1035,1.95E-09,7.72E-09,0.006288769,0.001398009,250,2.48E-05,1.80E-05,5.84E-05,4.25E-05,-174.7619335,2.11E-05,266.8339667,-28.38521605,0,7.990607947,1,HII region?,,,F10.35,2
1044,1044,6.05E-10,4.54E-09,0.08520454,0.060560994,147,1.25E-05,1.11E-05,2.94E-05,2.62E-05,126.7811447,1.18E-05,266.8341364,-28.38518771,0,221.0083431,2,Perfect - take a look,core_179_f10.38,,F10.38?,1
1060,1060,9.30E-10,3.24E-09,0.016019105,0.005756938,105,1.80E-05,1.18E-05,4.25E-05,2.79E-05,104.9431738,1.46E-05,266.833811,-28.38511068,0,33.53342881,2,,core_225_f10.33b,,,
1064,1064,1.11E-09,1.08E-08,0.162574667,0.081538841,351,1.70E-05,1.50E-05,3.99E-05,3.53E-05,45.64356736,1.60E-05,266.8340754,-28.38499669,0,307.1043895,2,,core_178_f10.37,Imporve HII region location?,F10.37,1
1067,1067,8.06E-10,2.62E-09,0.001583838,0.000575756,85,1.60E-05,1.16E-05,3.77E-05,2.72E-05,-160.7498546,1.36E-05,266.8335969,-28.38505972,0,2.970198552,0,,,,,
1075,1075,7.29E-10,1.85E-09,0.005889913,0.002535977,60,2.23E-05,7.50E-06,5.26E-05,1.77E-05,135.9120357,1.29E-05,266.8338762,-28.38504593,0,8.45852577,0,,,,,
1083,1083,2.68E-09,7.19E-09,0.00430973,0.000725373,233,3.63E-05,1.70E-05,8.54E-05,4.00E-05,137.1380939,2.48E-05,266.8337892,-28.38494759,0,4.989563501,0,,,,,
1091,1091,2.84E-09,8.15E-09,0.00573857,0.001356955,264,3.49E-05,1.87E-05,8.21E-05,4.40E-05,90.8109655,2.55E-05,266.8335276,-28.38486848,0,9.559753724,3,min delta,,,,
1092,1092,2.04E-09,6.33E-09,0.013218707,0.002496878,205,2.54E-05,1.85E-05,5.98E-05,4.35E-05,65.11402177,2.16E-05,266.8339545,-28.38490972,0,13.50780109,2,Coordinates,,,,
1099,1099,8.69E-10,5.43E-09,0.011611191,0.007766568,176,1.87E-05,1.07E-05,4.41E-05,2.51E-05,129.8105022,1.41E-05,266.833642,-28.38483139,0,50.03705475,2,,core_233_f10.27b,,F10.27,1
1114,1114,8.24E-10,2.35E-09,0.000841306,0.000566371,76,2.29E-05,8.27E-06,5.39E-05,1.95E-05,141.2771901,1.38E-05,266.8337197,-28.38475591,0,2.51318897,0,,,,,
1122,1122,4.31E-10,1.39E-09,0.049979594,0.030985124,45,1.26E-05,7.88E-06,2.96E-05,1.86E-05,177.0061827,9.95E-06,266.8339693,-28.38474602,0,23.32767038,1,"Not sure, resolved?",,,,
1128,1128,2.42E-09,5.52E-09,0.854984518,0.151290148,179,3.18E-05,1.75E-05,7.48E-05,4.12E-05,71.65807149,2.36E-05,266.8340185,-28.3846692,0,5.983193739,2,Extended,core_174_f3,,F3,1
1131,1131,3.72E-10,1.11E-09,0.00200893,0.00137505,36,1.04E-05,8.18E-06,2.46E-05,1.93E-05,151.8922328,9.24E-06,266.8338831,-28.38468121,0,2.059192651,0,,,,,
1133,1133,8.46E-10,2.84E-09,0.032054628,0.012099747,92,1.63E-05,1.19E-05,3.84E-05,2.81E-05,80.08931737,1.39E-05,266.8342246,-28.38465386,0,7.83147359,0,HII region?,,,,
1135,1135,6.38E-09,1.49E-08,0.005071644,0.000648901,483,5.84E-05,2.51E-05,0.000137608,5.90E-05,163.7846706,3.83E-05,266.8335675,-28.38460634,0,4.577686826,3,"min value, min delta",,,,
1136,1136,6.82E-10,2.81E-09,0.001661524,0.000906221,91,2.30E-05,6.80E-06,5.42E-05,1.60E-05,154.2285219,1.25E-05,266.8345461,-28.38464449,0,3.863587497,0,Disk?,,,,
1137,1137,4.98E-10,1.42E-09,0.154278016,0.073526345,46,1.52E-05,7.53E-06,3.57E-05,1.77E-05,107.8203134,1.07E-05,266.8340825,-28.38463749,0,2.287306334,0,,,,,
1143,1143,1.81E-10,5.56E-10,0.001503573,0.002151608,18,9.14E-06,4.55E-06,2.15E-05,1.07E-05,171.2760841,6.45E-06,266.8343276,-28.38460839,0,3.689707636,0,,,,,
1145,1145,1.25E-10,4.01E-10,0.035990125,0.067773521,13,5.81E-06,4.96E-06,1.37E-05,1.17E-05,135.7471952,5.37E-06,266.8339862,-28.38460572,0,6.185721556,2,,,,,
1152,1152,2.90E-09,1.52E-08,0.345366476,0.071373634,493,2.71E-05,2.45E-05,6.39E-05,5.77E-05,-177.2473388,2.58E-05,266.8342192,-28.38454695,0,63.7596558,2,Multiple sources,core_234_f4,,F4,1
1159,1159,3.75E-10,1.54E-09,0.066151666,0.059724499,50,1.10E-05,7.84E-06,2.59E-05,1.85E-05,135.4840583,9.28E-06,266.8337635,-28.38455437,0,91.13295216,2,,,,,
1161,1161,1.79E-10,5.56E-10,0.013576619,0.017707219,18,7.03E-06,5.83E-06,1.66E-05,1.37E-05,90.11462938,6.40E-06,266.8338356,-28.38455654,0,4.746033988,1,Not sure,,,,
1163,1163,6.31E-10,2.13E-09,0.002307768,0.001062803,69,1.63E-05,8.86E-06,3.85E-05,2.09E-05,122.481146,1.20E-05,266.8344365,-28.38452726,0,4.11870195,0,"Unlikely, two sources",,,,
1171,1171,1.21E-09,4.35E-09,0.480029574,0.186903015,141,2.65E-05,1.05E-05,6.23E-05,2.47E-05,146.0689876,1.67E-05,266.833896,-28.38447142,0,42.1402918,2,Contour,core_176_f1,"Fragmented, at least one is HII",F1,1
1176,1176,4.97E-10,1.60E-09,0.114465587,0.066580683,52,1.23E-05,9.28E-06,2.90E-05,2.19E-05,136.0963053,1.07E-05,266.8338198,-28.3844689,0,7.085679296,2,,core_176_f1,"Fragmented, at least one is HII",F1,2
1179,1179,2.67E-10,1.08E-09,0.000574011,0.000671925,35,9.74E-06,6.30E-06,2.29E-05,1.48E-05,133.1269884,7.83E-06,266.8336544,-28.38444262,0,3.231449568,0,,,,,
1188,1188,1.05E-09,4.69E-09,0.219712847,0.075366929,152,1.74E-05,1.39E-05,4.10E-05,3.27E-05,146.6437093,1.56E-05,266.8337846,-28.38437752,0,60.80786342,2,,core_236_f10.303,,F10.33,1
1191,1191,4.62E-10,1.30E-09,0.002481398,0.001581267,42,1.29E-05,8.22E-06,3.04E-05,1.94E-05,135.0042447,1.03E-05,266.8341911,-28.38438069,0,2.792847273,0,,,,,
1192,1192,1.90E-10,5.56E-10,0.02014555,0.02486885,18,8.65E-06,5.04E-06,2.04E-05,1.19E-05,-135.0592025,6.60E-06,266.8340069,-28.38438734,0,8.428953379,0,,,,,
1194,1194,1.06E-09,3.18E-09,0.001897549,0.000629202,103,2.79E-05,8.71E-06,6.58E-05,2.05E-05,152.8361987,1.56E-05,266.8344527,-28.38436342,0,2.32016034,0,,,,,
1197,1197,1.85E-10,5.56E-10,0.020622573,0.025571879,18,8.62E-06,4.92E-06,2.03E-05,1.16E-05,163.3065332,6.51E-06,266.8340117,-28.38435333,0,8.131579323,0,Unlikely,,,,
1202,1202,8.64E-10,5.34E-09,0.020891593,0.012549652,173,1.67E-05,1.19E-05,3.92E-05,2.80E-05,169.0146498,1.41E-05,266.8343461,-28.38427277,0,65.96393201,2,,,,G10.44,
1216,1216,3.12E-09,1.82E-08,0.369260801,0.083727702,591,2.87E-05,2.50E-05,6.76E-05,5.88E-05,101.7733746,2.68E-05,266.8345262,-28.38419796,0,192.6074085,2,HII region?,core_175_G,,G10.44,2
1228,1228,3.38E-09,9.75E-09,0.013255456,0.002957911,316,3.62E-05,2.15E-05,8.52E-05,5.05E-05,133.8867763,2.79E-05,266.8338022,-28.38417035,0,18.52362434,2,Bad contour,core_241_f10.30,,F10.30,1
1240,1240,2.31E-10,7.10E-10,0.001491488,0.001658006,23,9.22E-06,5.74E-06,2.17E-05,1.35E-05,126.4110903,7.28E-06,266.8344471,-28.38407753,0,2.536153467,0,,,,,
1243,1243,4.47E-09,9.60E-09,0.006994762,0.000855477,311,4.23E-05,2.43E-05,9.96E-05,5.71E-05,-161.9227969,3.20E-05,266.8338705,-28.38396811,0,5.727911549,2,Bad contour,core_242_f10.318,,F10.318,1
1246,1246,3.40E-10,9.57E-10,0.002403609,0.001802663,31,1.31E-05,5.94E-06,3.09E-05,1.40E-05,128.4958411,8.83E-06,266.8344907,-28.38399798,0,4.54552028,0,,,,,
1247,1247,2.70E-10,8.02E-10,0.002027463,0.001777576,26,1.17E-05,5.31E-06,2.75E-05,1.25E-05,150.8841841,7.87E-06,266.8344189,-28.38400805,0,5.43439014,0,,,,,
1250,1250,5.56E-10,1.73E-09,0.005116073,0.002521768,56,1.20E-05,1.06E-05,2.83E-05,2.50E-05,178.0389817,1.13E-05,266.8344552,-28.38396701,0,9.661258647,2,,,,G10.47,
8343,8343,2.71E-10,5.25E-10,0.00014463,0.000201252,17,1.04E-05,5.98E-06,2.45E-05,1.41E-05,169.4027039,7.88E-06,266.8197993,-28.37923818,0,3.463586674,0,,,,,
8349,8349,4.26E-10,1.33E-09,0.000507195,0.000367955,43,1.44E-05,6.80E-06,3.39E-05,1.60E-05,137.1408648,9.89E-06,266.8197571,-28.37921809,0,5.789297476,2,Disk? Part of a bigger structure.,,,,
8710,8710,2.30E-10,7.41E-10,0.000253895,0.000294347,24,7.92E-06,6.67E-06,1.87E-05,1.57E-05,127.8841834,7.27E-06,266.835214,-28.3783649,0,9.211625612,2,,,,,
8713,8713,3.05E-10,1.02E-09,0.000398451,0.000372436,33,9.86E-06,7.09E-06,2.32E-05,1.67E-05,92.14155153,8.36E-06,266.8338248,-28.37835701,0,9.931651464,2,,,,,
8756,8756,3.20E-10,1.02E-09,0.000322858,0.000268215,33,1.05E-05,6.96E-06,2.48E-05,1.64E-05,51.87061052,8.57E-06,266.8339416,-28.37826259,0,4.21351106,0,Fillament?,,,,
8804,8804,1.19E-09,1.05E-08,0.050893281,0.024442406,339,1.77E-05,1.53E-05,4.18E-05,3.61E-05,-155.6930335,1.65E-05,266.8334919,-28.37814352,0,155.718547,2,,core_96_Z10.24,,Z10.24,3
8811,8811,3.70E-10,1.20E-09,0.000409411,0.000295915,39,1.25E-05,6.82E-06,2.94E-05,1.61E-05,-175.563284,9.22E-06,266.8337292,-28.37815846,0,2.719920199,0,,,,,
8813,8813,3.42E-10,1.08E-09,0.000323352,0.000238745,35,1.34E-05,5.85E-06,3.16E-05,1.38E-05,117.646318,8.86E-06,266.8295325,-28.3781449,0,8.65501082,2,,,,,
8825,8825,3.57E-10,1.11E-09,0.000896343,0.000636965,36,1.13E-05,7.28E-06,2.66E-05,1.71E-05,176.9251794,9.06E-06,266.8336277,-28.37813504,0,6.572620524,2,,,,,
8838,8838,2.97E-10,9.88E-10,0.000896073,0.000839833,32,1.05E-05,6.52E-06,2.47E-05,1.54E-05,109.4623344,8.26E-06,266.83359,-28.37811072,0,5.473063606,2,,,,,
8839,8839,1.49E-10,4.63E-10,0.000135153,0.000216965,15,7.86E-06,4.35E-06,1.85E-05,1.03E-05,57.85742644,5.85E-06,266.8321982,-28.37811795,0,4.908910699,2,,,,,
8872,8872,6.25E-10,2.44E-09,0.001615784,0.000947102,79,1.48E-05,9.71E-06,3.48E-05,2.29E-05,137.6273878,1.20E-05,266.8335448,-28.37803573,0,8.375818415,2,,,,,
8873,8873,6.66E-10,2.44E-09,0.001139243,0.000625444,79,1.55E-05,9.86E-06,3.65E-05,2.32E-05,165.0994317,1.24E-05,266.8235376,-28.37803757,0,14.53840282,2,,core_247,,,
8905,8905,3.60E-10,1.17E-09,0.00041474,0.000322276,38,1.20E-05,6.87E-06,2.83E-05,1.62E-05,162.2879838,9.09E-06,266.8333203,-28.37799216,0,6.232193584,2,,,,,
8938,8938,2.67E-10,9.57E-10,0.000443728,0.000482997,31,8.58E-06,7.15E-06,2.02E-05,1.68E-05,133.8181042,7.83E-06,266.8327413,-28.37794332,0,20.71847231,2,,,,,
8970,8970,4.24E-10,1.64E-09,0.0010968,0.000840115,53,1.10E-05,8.85E-06,2.59E-05,2.08E-05,-167.5005689,9.87E-06,266.832236,-28.37789625,0,17.84471194,2,,,,,
8984,8984,4.71E-10,2.01E-09,0.001587232,0.001141744,65,1.25E-05,8.62E-06,2.95E-05,2.03E-05,147.4170193,1.04E-05,266.8324808,-28.37786149,0,38.08323471,2,,,,,
8986,8986,7.41E-10,2.19E-09,0.001048648,0.000599,71,1.77E-05,9.60E-06,4.18E-05,2.26E-05,157.2907536,1.30E-05,266.8323157,-28.37786069,0,5.452490549,2,Contour,,,,
9001,9001,6.53E-10,1.79E-09,0.000559823,0.000257076,58,1.64E-05,9.14E-06,3.87E-05,2.15E-05,150.8279938,1.22E-05,266.8237388,-28.3778349,0,7.561270827,2,,,,,
9016,9016,6.16E-10,2.62E-09,0.002239786,0.001462381,85,1.29E-05,1.09E-05,3.04E-05,2.58E-05,69.40360341,1.19E-05,266.8323794,-28.37779563,0,33.29427655,2,,,,,
9024,9024,6.19E-10,2.31E-09,0.003456638,0.001883207,75,1.37E-05,1.04E-05,3.21E-05,2.45E-05,127.8929738,1.19E-05,266.8326645,-28.37779598,0,22.34694214,2,,core_97,,,
9028,9028,3.67E-10,1.11E-09,0.0010546,0.000734846,36,1.24E-05,6.78E-06,2.93E-05,1.60E-05,-136.9018848,9.18E-06,266.8327264,-28.37778683,0,9.731332136,2,,core_97,,,
9139,9139,4.23E-10,1.36E-09,0.000470298,0.000300824,44,1.32E-05,7.39E-06,3.10E-05,1.74E-05,-154.6784412,9.86E-06,266.8320893,-28.37755282,0,10.39447986,2,,,,,
9167,9167,4.34E-10,1.42E-09,0.00048515,0.000309993,46,1.21E-05,8.22E-06,2.86E-05,1.93E-05,47.44756884,9.99E-06,266.8319311,-28.37747827,0,14.00217609,2,,,,,
9323,9323,7.01E-10,2.13E-09,0.000655474,0.000250991,69,1.48E-05,1.09E-05,3.48E-05,2.56E-05,143.0022802,1.27E-05,266.8244512,-28.37698837,0,9.805646209,2,,core_135,,,
9357,9357,9.95E-10,2.90E-09,0.000963878,0.000317164,94,2.67E-05,8.56E-06,6.28E-05,2.02E-05,137.5991213,1.51E-05,266.8314257,-28.37686346,0,6.561720964,2,Contour,core_232,,,
9448,9448,5.01E-10,1.98E-09,0.001191351,0.000796691,64,1.18E-05,9.76E-06,2.77E-05,2.30E-05,173.2089466,1.07E-05,266.8314657,-28.37641548,0,30.43963508,2,,core_231,,,
9598,9598,3.05E-10,9.26E-10,0.00036376,0.000283577,30,8.80E-06,7.96E-06,2.07E-05,1.87E-05,70.47652703,8.37E-06,266.831528,-28.37579443,0,4.998244608,1,,,,,
9620,9620,1.63E-10,4.94E-10,0.00063862,0.000864622,16,7.77E-06,4.81E-06,1.83E-05,1.13E-05,147.6980353,6.11E-06,266.8313163,-28.37570982,0,5.641135767,1,Check SI,core_98,,,
9625,9625,1.19E-09,3.36E-09,0.005956352,0.002003212,109,2.43E-05,1.13E-05,5.72E-05,2.66E-05,137.7407181,1.66E-05,266.831403,-28.37567046,0,14.07711026,3,min delta,core_98,,,
9646,9646,3.68E-10,1.17E-09,0.000569034,0.00040996,38,1.52E-05,5.55E-06,3.58E-05,1.31E-05,161.9463571,9.19E-06,266.8312399,-28.3755476,0,10.35436832,1,Check SI,,,,
9648,9648,1.19E-09,3.09E-09,0.001650813,0.000526903,100,3.28E-05,8.33E-06,7.73E-05,1.96E-05,144.5571627,1.65E-05,266.8313685,-28.37551352,0,14.37081431,0,Fillament,,,,
10105,10105,3.33E-10,1.02E-09,0.000316615,0.000241937,33,9.53E-06,8.03E-06,2.25E-05,1.89E-05,111.9371753,8.75E-06,266.8300622,-28.37394276,0,10.22608331,2,,,,,
10316,10316,4.36E-10,1.39E-09,0.000457323,0.000270079,45,1.29E-05,7.75E-06,3.05E-05,1.82E-05,136.9401616,1.00E-05,266.831912,-28.37348347,0,3.377890011,1,Check SI,core_113,,,
10331,10331,1.75E-09,7.59E-09,0.005141986,0.001748645,246,2.72E-05,1.48E-05,6.40E-05,3.49E-05,-175.8881698,2.01E-05,266.831836,-28.37343531,0,25.48293097,2,,core_113,,,
10522,10522,4.41E-10,1.64E-09,0.000828561,0.000583989,53,1.28E-05,7.92E-06,3.01E-05,1.87E-05,162.9924842,1.01E-05,266.8336547,-28.37305993,0,25.0158589,2,,,,,
10537,10537,5.97E-10,2.16E-09,0.001043108,0.000543137,70,1.26E-05,1.08E-05,2.98E-05,2.55E-05,145.3688302,1.17E-05,266.831895,-28.37298356,0,32.03528263,2,Resolved?,,,,
10550,10550,1.51E-09,5.68E-09,0.003408925,0.000987769,184,3.25E-05,1.07E-05,7.65E-05,2.52E-05,132.2726738,1.87E-05,266.8328212,-28.37289658,0,10.55275807,1,Check SI,core_114,,,
10888,10888,6.57E-10,2.56E-09,0.001391501,0.000714142,83,1.28E-05,1.18E-05,3.02E-05,2.77E-05,-170.0238089,1.23E-05,266.824785,-28.37206194,0,26.79598463,2,,core_137,,,
10898,10898,2.20E-10,6.79E-10,0.000201925,0.0002254,22,9.06E-06,5.57E-06,2.13E-05,1.31E-05,102.593917,7.11E-06,266.8249191,-28.37203109,0,10.4051832,2,,,,,
10921,10921,2.44E-10,7.41E-10,0.000209054,0.000208058,24,1.13E-05,4.94E-06,2.66E-05,1.16E-05,141.5877921,7.48E-06,266.8264755,-28.3719224,0,8.961967068,2,,,,,
10967,10967,2.31E-10,7.72E-10,0.000302347,0.000357108,25,8.24E-06,6.43E-06,1.94E-05,1.51E-05,117.5810593,7.28E-06,266.8303829,-28.37176975,0,9.471899366,2,,core_251,,,
11069,11069,3.77E-10,1.20E-09,0.000397685,0.000274034,39,1.02E-05,8.48E-06,2.40E-05,2.00E-05,-175.8949652,9.30E-06,266.8320819,-28.37150021,0,8.175271641,2,,,,,
11240,11240,3.67E-10,1.42E-09,0.00080583,0.000706687,46,9.52E-06,8.86E-06,2.24E-05,2.09E-05,75.18521907,9.19E-06,266.8319895,-28.37105065,0,24.26500362,2,,,,,
11273,11273,1.10E-09,2.44E-09,0.000697926,0.000224617,79,2.41E-05,1.05E-05,5.68E-05,2.47E-05,138.4049476,1.59E-05,266.8295561,-28.37098319,0,7.424543716,3,min delta,,,,
11291,11291,3.52E-10,1.02E-09,0.000561163,0.000416313,33,1.33E-05,6.10E-06,3.12E-05,1.44E-05,110.4697815,9.00E-06,266.8311175,-28.37096121,0,11.53838827,1,Fillament?,,,,
11295,11295,6.34E-10,2.41E-09,0.001272666,0.000651526,78,1.49E-05,9.76E-06,3.51E-05,2.30E-05,148.8016219,1.21E-05,266.8298604,-28.37094245,0,27.45246848,2,,,,,
11296,11296,1.51E-09,5.80E-09,0.003794057,0.001466202,188,3.15E-05,1.10E-05,7.41E-05,2.60E-05,133.1357194,1.86E-05,266.8297291,-28.37090551,0,80.1810815,3,min delta,,,,
11306,11306,1.33E-09,4.44E-09,0.002249152,0.000760024,144,2.23E-05,1.37E-05,5.25E-05,3.24E-05,179.7407049,1.75E-05,266.8319697,-28.37091274,0,18.62743539,2,Check SI,core_110,,,
11314,11314,4.27E-10,1.39E-09,0.000884837,0.000577578,45,1.50E-05,6.54E-06,3.53E-05,1.54E-05,125.9312442,9.90E-06,266.8311536,-28.37089777,0,10.65964534,1,Fillament?,,,,
11324,11324,3.77E-09,1.37E-08,0.009158784,0.001901718,445,3.24E-05,2.67E-05,7.63E-05,6.28E-05,63.49676604,2.94E-05,266.8302222,-28.37082579,0,32.49957357,2,HII region? Discuss,core_108,,,
11325,11325,1.80E-10,5.56E-10,0.000161884,0.000219713,18,7.25E-06,5.69E-06,1.71E-05,1.34E-05,127.7429336,6.42E-06,266.8346193,-28.37089044,0,6.368279696,2,,,,,
11327,11327,5.33E-10,2.13E-09,0.00136802,0.000957984,69,1.33E-05,9.18E-06,3.14E-05,2.16E-05,90.6111942,1.11E-05,266.8321198,-28.37086896,0,25.06395491,2,,,,,
11333,11333,2.81E-10,8.64E-10,0.000271787,0.000245533,28,9.48E-06,6.80E-06,2.23E-05,1.60E-05,103.1575712,8.03E-06,266.8299078,-28.37087363,0,8.718336748,2,,,,,
11341,11341,2.14E-10,6.48E-10,0.000191042,0.000223756,21,9.59E-06,5.11E-06,2.26E-05,1.20E-05,141.8843716,7.00E-06,266.8293925,-28.37086451,0,3.497561901,0,Not sure,,,,
11345,11345,1.00E-09,3.18E-09,0.001303852,0.000448221,103,2.76E-05,8.35E-06,6.50E-05,1.97E-05,170.6693051,1.52E-05,266.8318144,-28.37084963,0,8.645170976,0,Fillament?,,,,
11353,11353,1.97E-09,6.05E-09,0.003249177,0.000606174,196,4.24E-05,1.07E-05,9.99E-05,2.51E-05,170.9067033,2.13E-05,266.8310897,-28.37079513,0,8.45239101,0,Fillament?,,,,
11355,11355,4.34E-10,1.48E-09,0.001703281,0.001192087,48,1.17E-05,8.50E-06,2.76E-05,2.00E-05,148.3479944,9.99E-06,266.8320349,-28.37080953,0,13.08335067,2,,core_110,,,
11356,11356,5.10E-10,1.85E-09,0.000975672,0.00071589,60,1.38E-05,8.47E-06,3.26E-05,1.99E-05,121.2544718,1.08E-05,266.8292529,-28.37079263,0,13.67504894,2,,,,,
11365,11365,4.66E-10,1.17E-09,0.001013901,0.000713211,38,1.59E-05,6.74E-06,3.74E-05,1.59E-05,-140.2207825,1.03E-05,266.8319572,-28.37079708,0,5.929599983,0,,,,,
11373,11373,9.84E-10,2.69E-09,0.001166443,0.00067907,87,2.70E-05,8.37E-06,6.36E-05,1.97E-05,-164.0072167,1.50E-05,266.8317953,-28.37077953,0,6.909913379,3,min delta,,,,
11385,11385,2.01E-10,6.17E-10,0.000214538,0.000250011,20,1.08E-05,4.27E-06,2.54E-05,1.01E-05,146.3565468,6.79E-06,266.8316006,-28.37076928,0,6.727983177,0,,,,,
11389,11389,5.22E-10,2.16E-09,0.001505819,0.000990146,70,1.22E-05,9.79E-06,2.88E-05,2.31E-05,109.3252114,1.09E-05,266.8308697,-28.37074739,0,24.16085059,2,,,,,
11402,11402,6.67E-10,2.10E-09,0.000688771,0.00027602,68,1.29E-05,1.19E-05,3.04E-05,2.79E-05,137.9931664,1.24E-05,266.8313788,-28.37074163,0,8.753818696,2,,,,,
11404,11404,8.40E-10,2.41E-09,0.001096061,0.000468049,78,1.75E-05,1.10E-05,4.13E-05,2.59E-05,-179.5717108,1.39E-05,266.8316833,-28.37073729,0,16.67705062,2,,,,,
11406,11406,9.57E-10,3.12E-09,0.001576674,0.000754328,101,1.85E-05,1.19E-05,4.36E-05,2.79E-05,-150.8224633,1.48E-05,266.8291899,-28.37071984,0,12.43093537,2,,,,,
11415,11415,4.25E-10,1.33E-09,0.000539329,0.000321182,43,1.23E-05,7.93E-06,2.90E-05,1.87E-05,161.8294867,9.88E-06,266.8311892,-28.3707212,0,4.731575285,2,Check SI,core_111,,,
11418,11418,1.65E-09,6.08E-09,0.00367938,0.001135109,197,2.60E-05,1.46E-05,6.12E-05,3.43E-05,-161.0870099,1.95E-05,266.831277,-28.37069306,0,17.6354848,3,contour,core_111,,,
11425,11425,6.21E-10,2.25E-09,0.001037732,0.000509036,73,1.69E-05,8.43E-06,3.99E-05,1.98E-05,162.1354588,1.19E-05,266.8315245,-28.37069447,0,14.50241368,2,,,,,
11444,11444,6.89E-10,2.19E-09,0.000975514,0.000381975,71,1.92E-05,8.23E-06,4.52E-05,1.94E-05,-153.3889728,1.26E-05,266.8320763,-28.37065855,0,6.760625424,3,Two sources?,,,,
11461,11461,2.46E-10,8.02E-10,0.000335175,0.000366994,26,8.32E-06,6.79E-06,1.96E-05,1.60E-05,-164.1663419,7.51E-06,266.8320076,-28.37063344,0,6.704515676,2,,,,,
11462,11462,2.40E-10,7.72E-10,0.000252939,0.00027382,25,8.20E-06,6.73E-06,1.93E-05,1.58E-05,125.1633294,7.43E-06,266.8303375,-28.37063161,0,11.75095219,2,,,,,
11489,11489,7.59E-10,2.16E-09,0.000744103,0.000349701,70,1.89E-05,9.22E-06,4.45E-05,2.17E-05,117.1057301,1.32E-05,266.8289681,-28.37057684,0,10.07163214,3,Two sources?,,,,
11516,11516,2.45E-10,7.41E-10,0.000213773,0.000206214,24,8.49E-06,6.61E-06,2.00E-05,1.56E-05,-150.815345,7.49E-06,266.8318689,-28.37057087,0,4.956861741,2,,,,,
11552,11552,4.77E-10,1.82E-09,0.001044042,0.000675777,59,1.16E-05,9.47E-06,2.72E-05,2.23E-05,59.48865995,1.05E-05,266.8311759,-28.37050025,0,34.43688634,2,,,,,
11566,11566,4.63E-10,1.51E-09,0.000520255,0.000309015,49,1.20E-05,8.89E-06,2.82E-05,2.09E-05,152.5903179,1.03E-05,266.8343082,-28.37048335,0,11.75257153,2,,,,,
11567,11567,3.18E-10,9.57E-10,0.000834642,0.000636568,31,1.10E-05,6.65E-06,2.59E-05,1.56E-05,79.78231172,8.55E-06,266.8290388,-28.37048405,0,8.850177515,2,Check SI,core_106,,,
11603,11603,1.59E-10,4.94E-10,0.000139799,0.000204707,16,7.69E-06,4.74E-06,1.81E-05,1.12E-05,148.0449742,6.04E-06,266.8289445,-28.37042805,0,3.637444337,0,,,,,
11607,11607,3.39E-10,1.14E-09,0.000443772,0.000365699,37,1.28E-05,6.08E-06,3.01E-05,1.43E-05,140.6474287,8.82E-06,266.8294241,-28.37041314,0,17.72325131,2,Disk?,,,,
11618,11618,1.74E-10,5.25E-10,0.000643676,0.000832786,17,8.59E-06,4.65E-06,2.02E-05,1.09E-05,121.3493039,6.32E-06,266.8290791,-28.37040025,0,4.369026723,0,Unlikely,core_106,,,
11635,11635,1.45E-10,4.63E-10,0.000140492,0.00022941,15,6.17E-06,5.39E-06,1.45E-05,1.27E-05,132.4657085,5.77E-06,266.8247472,-28.3703821,0,5.263134252,2,,,,,
11637,11637,8.02E-10,2.31E-09,0.003750564,0.001705443,75,1.99E-05,9.24E-06,4.69E-05,2.18E-05,158.0718501,1.36E-05,266.8290939,-28.37036078,0,26.23283781,3,Contour,core_106,,,
11653,11653,5.94E-10,2.10E-09,0.000881242,0.00049761,68,1.44E-05,9.46E-06,3.40E-05,2.23E-05,168.4581058,1.17E-05,266.8248447,-28.37033917,0,9.380116023,2,,,,,
11658,11658,7.24E-10,2.13E-09,0.000790402,0.000390945,69,1.52E-05,1.10E-05,3.57E-05,2.58E-05,-173.3153547,1.29E-05,266.8319463,-28.37031756,0,10.94173707,2,,,,,
11659,11659,4.98E-10,1.70E-09,0.000739551,0.000485185,55,1.41E-05,8.11E-06,3.32E-05,1.91E-05,151.5281608,1.07E-05,266.8310515,-28.37032072,0,10.918019,2,,,,,
11660,11660,5.35E-10,1.88E-09,0.000769427,0.000432695,61,1.18E-05,1.04E-05,2.79E-05,2.44E-05,101.5871299,1.11E-05,266.8249989,-28.37031366,0,10.4462521,2,,,,,
11666,11666,3.51E-10,1.05E-09,0.00030203,0.000223621,34,1.05E-05,7.68E-06,2.47E-05,1.81E-05,52.47763932,8.97E-06,266.8245223,-28.37030598,0,6.472144079,2,,,,,
11716,11716,2.40E-10,7.72E-10,0.000270085,0.000295754,25,8.61E-06,6.41E-06,2.03E-05,1.51E-05,163.2539453,7.43E-06,266.8304799,-28.37020024,0,8.823968601,2,,,,,
11731,11731,1.91E-10,5.86E-10,0.000165797,0.00021196,19,7.29E-06,6.01E-06,1.72E-05,1.42E-05,66.46959434,6.62E-06,266.8270998,-28.3701742,0,9.648055981,2,,,,,
11732,11732,6.21E-10,1.60E-09,0.000475426,0.000242252,52,1.83E-05,7.80E-06,4.31E-05,1.84E-05,154.0891529,1.19E-05,266.8252841,-28.370168,0,6.948446349,3,Two sources?,,,,
11747,11747,3.11E-10,1.27E-09,0.000950455,0.000976835,41,9.48E-06,7.54E-06,2.23E-05,1.78E-05,131.5087922,8.45E-06,266.8318235,-28.37012066,0,32.06633227,2,,,,,
11764,11764,3.83E-10,1.27E-09,0.000446988,0.000324622,41,1.09E-05,8.06E-06,2.57E-05,1.90E-05,140.3305962,9.38E-06,266.825389,-28.37009185,0,11.48767169,2,,,,,
11779,11779,4.37E-10,1.67E-09,0.000917077,0.000679863,54,1.15E-05,8.76E-06,2.70E-05,2.06E-05,93.53601631,1.00E-05,266.8314496,-28.37006373,0,15.66995983,2,,core_107,,,
11798,11798,1.57E-09,6.45E-09,0.004813486,0.001683828,209,1.95E-05,1.85E-05,4.59E-05,4.36E-05,163.5004219,1.90E-05,266.8300965,-28.36998364,0,23.82172057,2,,,,,
11801,11801,2.60E-10,8.64E-10,0.000321601,0.000334218,28,8.22E-06,7.25E-06,1.94E-05,1.71E-05,110.9300764,7.72E-06,266.828231,-28.37002599,0,16.89436353,2,,,,,
11802,11802,2.71E-10,9.26E-10,0.000364888,0.000382053,30,9.46E-06,6.59E-06,2.23E-05,1.55E-05,140.0016341,7.89E-06,266.8270867,-28.37002607,0,20.175198,2,,,,,
11813,11813,9.21E-10,3.58E-09,0.002359544,0.000958152,116,2.21E-05,9.57E-06,5.20E-05,2.25E-05,125.4161124,1.45E-05,266.8310986,-28.36998185,0,32.83821067,2,,,,,
11821,11821,5.08E-10,1.91E-09,0.001072809,0.000653466,62,1.36E-05,8.56E-06,3.21E-05,2.02E-05,130.9152934,1.08E-05,266.8299365,-28.36997401,0,14.77517942,2,,core_107,,,
11843,11843,4.79E-10,1.94E-09,0.001260418,0.000929337,63,1.16E-05,9.53E-06,2.72E-05,2.24E-05,128.2610573,1.05E-05,266.8300314,-28.3699325,0,8.438243313,2,,core_107,,,
11849,11849,5.55E-10,1.82E-09,0.000657069,0.000341398,59,1.25E-05,1.02E-05,2.95E-05,2.39E-05,70.18709824,1.13E-05,266.8282482,-28.3699277,0,16.65404158,2,,,,,
11873,11873,6.26E-10,2.44E-09,0.001492477,0.000793248,79,1.46E-05,9.82E-06,3.44E-05,2.31E-05,171.7305353,1.20E-05,266.8316903,-28.36989415,0,16.08045735,2,,core_112,,,
11876,11876,2.19E-09,6.98E-09,0.005078939,0.001021652,226,2.33E-05,2.16E-05,5.49E-05,5.08E-05,-160.0565776,2.24E-05,266.8271126,-28.36985389,0,17.64584214,3,Multiple sources,core_103,,,
11929,11929,8.67E-10,2.47E-09,0.000896658,0.000348737,80,2.26E-05,8.79E-06,5.33E-05,2.07E-05,131.0753236,1.41E-05,266.8325857,-28.36976628,0,5.603117855,2,Contour,,,,
11959,11959,1.52E-09,5.22E-09,0.002402396,0.000517986,169,2.38E-05,1.46E-05,5.60E-05,3.45E-05,166.2681034,1.87E-05,266.8266568,-28.36971169,0,11.27018502,3,Multiple sources,core_104,,,
11965,11965,7.34E-10,2.62E-09,0.001203157,0.000531051,85,1.59E-05,1.06E-05,3.74E-05,2.50E-05,121.7008004,1.30E-05,266.8324925,-28.36971187,0,9.267301854,2,,,,,
12003,12003,3.27E-10,1.02E-09,0.000354361,0.000297939,33,9.17E-06,8.19E-06,2.16E-05,1.93E-05,144.4277469,8.67E-06,266.8265404,-28.36966069,0,7.836368646,2,,,,,
12005,12005,5.70E-10,2.16E-09,0.001113001,0.000677195,70,1.46E-05,8.98E-06,3.43E-05,2.11E-05,162.7102948,1.14E-05,266.8272227,-28.36965018,0,13.11527774,2,,,,,
12020,12020,7.43E-10,2.56E-09,0.001253307,0.000634344,83,1.41E-05,1.21E-05,3.32E-05,2.85E-05,-173.2202442,1.31E-05,266.8325491,-28.36960068,0,15.10619815,2,,,,,
12027,12027,5.60E-10,2.69E-09,0.002632653,0.001791873,87,1.21E-05,1.07E-05,2.84E-05,2.51E-05,155.2461461,1.13E-05,266.8291771,-28.36958825,0,39.47763413,2,,core_155,,,
12032,12032,5.03E-10,1.76E-09,0.000753658,0.000434813,57,1.20E-05,9.63E-06,2.82E-05,2.27E-05,175.4865415,1.07E-05,266.8290777,-28.36958336,0,12.48333998,2,,core_155,,,
12034,12034,1.62E-10,5.25E-10,0.0001885,0.000291268,17,6.49E-06,5.72E-06,1.53E-05,1.35E-05,166.1968372,6.09E-06,266.8266288,-28.36958847,0,7.005253503,2,,,,,
12046,12046,3.72E-10,1.33E-09,0.000587705,0.00047241,43,1.21E-05,7.03E-06,2.86E-05,1.66E-05,138.2439019,9.24E-06,266.8259599,-28.36955369,0,14.17914863,2,,core_105,,,
12049,12049,9.44E-10,2.90E-09,0.000986403,0.000386287,94,1.97E-05,1.10E-05,4.64E-05,2.59E-05,90.32272945,1.47E-05,266.8319675,-28.3695267,0,8.289657552,2,,,,,
12052,12052,2.16E-10,7.72E-10,0.000336488,0.000448364,25,8.01E-06,6.19E-06,1.89E-05,1.46E-05,120.6847803,7.04E-06,266.8277572,-28.36955043,0,12.66794893,2,,,,,
12069,12069,9.23E-10,2.87E-09,0.00099059,0.000346467,93,2.13E-05,9.97E-06,5.01E-05,2.35E-05,140.0442817,1.46E-05,266.8320644,-28.36947708,0,6.765516561,2,Not sure,,,,
12075,12075,7.82E-10,2.75E-09,0.001356367,0.000639606,89,1.52E-05,1.18E-05,3.58E-05,2.78E-05,111.1594746,1.34E-05,266.832184,-28.36945827,0,10.42344618,2,,,,,
12093,12093,3.75E-10,1.54E-09,0.001113196,0.00095457,50,1.02E-05,8.45E-06,2.40E-05,1.99E-05,137.3341586,9.28E-06,266.8330239,-28.36941092,0,32.88597568,2,,,,,
12193,12193,2.23E-10,7.10E-10,0.000224797,0.000257193,23,7.74E-06,6.61E-06,1.82E-05,1.56E-05,145.9544506,7.15E-06,266.8321842,-28.36915196,0,3.986207396,2,,,,,
12229,12229,3.61E-10,1.02E-09,0.000366827,0.000316291,33,1.23E-05,6.73E-06,2.90E-05,1.59E-05,-144.2949717,9.10E-06,266.8203215,-28.36901424,0,7.351690561,2,,,,,
12230,12230,4.96E-10,1.94E-09,0.001222696,0.000795177,63,1.09E-05,1.04E-05,2.57E-05,2.46E-05,91.52206875,1.07E-05,266.832968,-28.36899121,0,16.84577321,2,,,,,
12232,12232,3.25E-10,9.57E-10,0.000330492,0.000257289,31,1.22E-05,6.14E-06,2.86E-05,1.45E-05,124.8161784,8.64E-06,266.8202772,-28.36898716,0,4.98105404,0,Not sure,,,,
12234,12234,3.84E-10,1.67E-09,0.001283933,0.001146076,54,1.10E-05,7.98E-06,2.60E-05,1.88E-05,149.6413587,9.39E-06,266.8329038,-28.36898243,0,14.34313375,2,,,,,
12339,12339,2.51E-09,6.76E-09,0.002773714,0.000631283,219,3.67E-05,1.57E-05,8.65E-05,3.70E-05,51.24557038,2.40E-05,266.8205938,-28.3686492,0,14.55165661,3,min delta,core_100,,,
12354,12354,3.23E-09,1.32E-08,0.01042639,0.00104905,429,2.81E-05,2.64E-05,6.63E-05,6.21E-05,178.4215941,2.72E-05,266.8254406,-28.36859839,0,16.57573539,2,Resolved?,core_102,,X8.33,
12417,12417,7.21E-10,2.28E-09,0.000815489,0.000318316,74,1.97E-05,8.38E-06,4.65E-05,1.97E-05,166.2935192,1.29E-05,266.8203697,-28.3684583,0,8.002288785,2,Disk?,,,,
12486,12486,1.21E-09,4.60E-09,0.002709836,0.000878005,149,2.02E-05,1.38E-05,4.75E-05,3.25E-05,77.54901011,1.67E-05,266.8203349,-28.36827999,0,17.26162431,3,Two sources,core_99,,,
12556,12556,1.18E-09,4.97E-09,0.004536978,0.002104983,161,2.46E-05,1.10E-05,5.80E-05,2.58E-05,148.5393549,1.64E-05,266.8337145,-28.36800706,0,59.0324492,2,,,,,
12573,12573,2.91E-10,1.05E-09,0.000560859,0.00056385,34,9.26E-06,7.22E-06,2.18E-05,1.70E-05,118.962149,8.17E-06,266.8338023,-28.36794127,0,15.95015834,2,,,,,
12636,12636,3.24E-10,1.17E-09,0.000541704,0.000508718,38,1.03E-05,7.20E-06,2.44E-05,1.70E-05,143.1372993,8.63E-06,266.8341364,-28.36773961,0,18.44318863,2,,,,,
12694,12694,3.04E-10,9.88E-10,0.000343916,0.000316109,32,1.05E-05,6.66E-06,2.47E-05,1.57E-05,133.7612603,8.35E-06,266.8341075,-28.36730819,0,12.47617017,2,,,,,
13056,13056,7.59E-09,2.04E-08,0.01105123,0.000866185,660,5.75E-05,3.03E-05,0.000135371,7.13E-05,143.8256791,4.17E-05,266.84454,-28.36566968,0,9.822898681,3,Inside HII region,,,,
13117,13117,2.54E-10,8.64E-10,0.000318688,0.000356586,28,8.49E-06,6.88E-06,2.00E-05,1.62E-05,134.3391335,7.64E-06,266.8336453,-28.36560094,0,14.28066355,2,,,,,
13231,13231,2.50E-10,8.02E-10,0.000271073,0.000276191,26,8.73E-06,6.57E-06,2.06E-05,1.55E-05,173.6463031,7.57E-06,266.8251646,-28.36539703,0,10.57480397,2,,,,,
13301,13301,3.83E-10,1.17E-09,0.000483763,0.000488041,38,1.20E-05,7.31E-06,2.83E-05,1.72E-05,151.8505433,9.38E-06,266.8451247,-28.36526042,0,8.012336348,2,Inside HII region,,,,
13505,13505,2.82E-10,9.88E-10,0.000464299,0.000473205,32,1.00E-05,6.47E-06,2.36E-05,1.52E-05,161.8796479,8.05E-06,266.8248545,-28.36474701,0,13.9829688,2,,,,,
13904,13904,3.06E-10,7.72E-10,0.000242618,0.000276922,25,9.51E-06,7.39E-06,2.24E-05,1.74E-05,-158.3645957,8.38E-06,266.8429596,-28.36386791,0,5.796952294,2,,,,,
13938,13938,4.77E-10,1.20E-09,0.000511605,0.000352992,39,1.73E-05,6.32E-06,4.08E-05,1.49E-05,46.01574372,1.05E-05,266.8426717,-28.36375176,0,5.158025025,1,Check SI,core_224,,,
13940,13940,1.79E-10,5.25E-10,0.000211985,0.000295481,17,9.91E-06,4.14E-06,2.33E-05,9.75E-06,147.8577024,6.41E-06,266.8426073,-28.36373118,0,5.627155699,0,Part of an extended core,core_224,,,
14435,14435,5.86E-10,1.98E-09,0.000850778,0.000548567,64,1.41E-05,9.53E-06,3.33E-05,2.24E-05,148.4471077,1.16E-05,266.8367036,-28.36135694,0,16.76660679,2,,,,,
14449,14449,5.83E-10,1.70E-09,0.000613971,0.000361561,55,1.28E-05,1.05E-05,3.01E-05,2.47E-05,174.4356626,1.16E-05,266.8394652,-28.36130472,0,8.828656514,2,,,,,
14505,14505,3.91E-10,1.36E-09,0.000554938,0.000442715,44,1.04E-05,8.65E-06,2.44E-05,2.04E-05,167.8056603,9.47E-06,266.836568,-28.36111465,0,10.95569433,2,,,,,
14510,14510,5.07E-10,1.64E-09,0.000566205,0.00028274,53,1.25E-05,9.31E-06,2.95E-05,2.19E-05,133.8906838,1.08E-05,266.8367187,-28.36109819,0,6.084812623,2,,,,,
14538,14538,1.47E-09,2.16E-09,0.000582885,0.000222153,70,3.20E-05,1.06E-05,7.53E-05,2.49E-05,-179.9948874,1.84E-05,266.8366725,-28.36102669,0,4.091328676,0,,,,,
14573,14573,2.60E-10,6.79E-10,0.000203815,0.00024668,22,9.61E-06,6.20E-06,2.26E-05,1.46E-05,111.2589617,7.72E-06,266.8369105,-28.36094203,0,6.759464185,2,,,,,
14628,14628,3.67E-10,8.02E-10,0.000228048,0.000224491,26,1.36E-05,6.21E-06,3.19E-05,1.46E-05,61.7238273,9.18E-06,266.8360186,-28.36080919,0,7.047871586,2,,,,,
14889,14889,8.28E-10,2.10E-09,0.000658242,0.000290386,68,1.72E-05,1.11E-05,4.04E-05,2.61E-05,176.3995418,1.38E-05,266.8382676,-28.36039707,0,5.32985296,2,,,,,
13389,13389,9.09E-10,2.59E-09,0.00077867,0.000319261,84,2.96E-05,7.05E-06,6.98E-05,1.66E-05,146.2044272,1.45E-05,266.8324948,-28.37268003,0,3.236945474,0,Fillament?,,,,
13490,13490,1.94E-10,5.86E-10,0.000602434,0.00077277,19,1.06E-05,4.22E-06,2.49E-05,9.94E-06,125.8839661,6.68E-06,266.8325362,-28.372521,0,1.399889771,0,Fillament?,,,,
13500,13500,3.89E-09,1.19E-08,0.080504777,0.010051358,386,4.39E-05,2.03E-05,0.000103408,4.78E-05,99.59287348,2.99E-05,266.8324055,-28.3724238,0,7.043849971,0,Fillament?,,,,
13525,13525,1.52E-10,4.32E-10,0.001460766,0.002158461,14,1.24E-05,2.81E-06,2.92E-05,6.62E-06,113.6776634,5.91E-06,266.8324842,-28.37245497,0,2.758446214,0,Fillament?,,,,
13625,13625,2.75E-10,8.95E-10,0.000224192,0.000232914,29,8.84E-06,7.13E-06,2.08E-05,1.68E-05,51.42517112,7.94E-06,266.8330709,-28.37231343,0,2.703526769,0,Extremely unlikely,,,,
13626,13626,4.78E-10,1.60E-09,0.000748932,0.000442451,52,1.29E-05,8.52E-06,3.03E-05,2.01E-05,62.09017451,1.05E-05,266.8328525,-28.37230615,0,4.217937735,0,Unlikely,,,,
13669,13669,2.65E-10,7.72E-10,0.001039303,0.000910432,25,1.29E-05,4.70E-06,3.04E-05,1.11E-05,111.3375766,7.80E-06,266.8327729,-28.37226903,0,3.386219561,0,,,,,
13705,13705,4.36E-10,1.60E-09,0.002021305,0.001524479,52,1.09E-05,9.20E-06,2.56E-05,2.17E-05,102.9127784,1.00E-05,266.8331112,-28.37221599,0,17.95533515,2,,,,,
13748,13748,2.78E-10,8.95E-10,0.001310459,0.001204947,29,8.70E-06,7.34E-06,2.05E-05,1.73E-05,50.55743373,7.99E-06,266.8330694,-28.37216678,0,5.036062722,2,,,,,
13763,13763,7.02E-10,1.98E-09,0.000480513,0.000235973,64,2.12E-05,7.61E-06,4.99E-05,1.79E-05,179.4239335,1.27E-05,266.8331967,-28.37213343,0,3.368181859,0,,,,,
13804,13804,6.49E-10,2.01E-09,0.007397669,0.003335237,65,2.02E-05,7.38E-06,4.75E-05,1.74E-05,-164.6558045,1.22E-05,266.8329505,-28.37206985,0,5.968064672,2,,,,,
13809,13809,1.48E-10,4.32E-10,0.003035274,0.004690738,14,6.75E-06,5.05E-06,1.59E-05,1.19E-05,64.56177327,5.84E-06,266.8328429,-28.37207135,0,3.283391103,0,Unlikely,,,,
13819,13819,3.31E-10,1.02E-09,0.00068317,0.000520305,33,1.15E-05,6.62E-06,2.71E-05,1.56E-05,126.3759652,8.72E-06,266.832565,-28.37203357,0,5.374865973,0,Unlikely,,,,
13831,13831,3.21E-10,1.08E-09,0.001221934,0.001129688,35,1.12E-05,6.56E-06,2.65E-05,1.54E-05,147.6201004,8.59E-06,266.8330327,-28.3720226,0,5.119117987,2,Maybe,,,,
13832,13832,1.14E-10,3.40E-10,0.003043516,0.005626104,11,7.01E-06,3.73E-06,1.65E-05,8.78E-06,103.2874188,5.11E-06,266.8327812,-28.37203053,0,3.585742549,0,,,,,
13839,13839,1.67E-10,4.94E-10,0.000219944,0.000330735,16,9.97E-06,3.85E-06,2.35E-05,9.05E-06,149.9621934,6.19E-06,266.8331206,-28.37201707,0,2.466447292,0,,,,,
13844,13844,2.73E-09,9.10E-09,0.002711759,0.000341542,295,3.40E-05,1.84E-05,8.02E-05,4.34E-05,127.4311718,2.51E-05,266.8323251,-28.37194504,0,6.805080932,2,Not sure,,,,
13848,13848,2.01E-09,4.88E-09,0.001629937,0.000327405,158,3.16E-05,1.46E-05,7.45E-05,3.44E-05,147.0198114,2.15E-05,266.8324568,-28.37195922,0,3.727277555,0,,,,,
13864,13864,1.85E-10,5.25E-10,0.008238252,0.010013699,17,1.11E-05,3.83E-06,2.62E-05,9.02E-06,97.06344741,6.52E-06,266.8327619,-28.37191696,0,3.062511158,0,,,,,
13872,13872,5.34E-10,1.85E-09,0.000804023,0.000475026,60,1.30E-05,9.45E-06,3.05E-05,2.23E-05,172.7783919,1.11E-05,266.8331739,-28.37189681,0,2.011687359,0,,,,,
13877,13877,3.90E-10,1.05E-09,0.001099756,0.000788685,34,1.09E-05,8.20E-06,2.57E-05,1.93E-05,174.9577597,9.46E-06,266.8329288,-28.37189434,0,0.840440141,0,,,,,
13887,13887,3.04E-10,8.02E-10,0.00120427,0.001008957,26,1.88E-05,3.72E-06,4.42E-05,8.75E-06,154.0645265,8.35E-06,266.8326052,-28.3718658,0,2.190534274,0,,,,,
13888,13888,1.86E-10,5.56E-10,0.000292593,0.000386452,18,7.54E-06,5.66E-06,1.78E-05,1.33E-05,133.5963397,6.53E-06,266.8332417,-28.3718642,0,2.700464149,0,,,,,
13892,13892,5.93E-10,2.16E-09,0.002623568,0.001721671,70,1.41E-05,9.66E-06,3.32E-05,2.27E-05,166.7529385,1.17E-05,266.8331264,-28.3718434,0,8.384199482,2,,,,,
13898,13898,3.01E-10,1.08E-09,0.000331521,0.000325944,35,9.76E-06,7.09E-06,2.30E-05,1.67E-05,130.9595736,8.32E-06,266.8334982,-28.37183747,0,3.923755217,2,,,,,
13899,13899,3.21E-10,9.57E-10,0.000534173,0.000434167,31,1.07E-05,6.88E-06,2.53E-05,1.62E-05,-169.9882424,8.59E-06,266.8332224,-28.37183222,0,2.672094884,0,,,,,
13903,13903,1.47E-09,3.40E-09,0.02737067,0.006865985,110,3.59E-05,9.39E-06,8.46E-05,2.21E-05,142.6599151,1.84E-05,266.8329994,-28.37180584,0,14.40482478,0,Fillament?,,,,
13904,13904,3.82E-10,1.30E-09,0.054230154,0.042105094,42,9.93E-06,8.83E-06,2.34E-05,2.08E-05,58.78791588,9.36E-06,266.8328151,-28.37182226,0,8.36569836,2,Check SI,core_172_K2,,,
13905,13905,1.23E-09,3.70E-09,0.001706494,0.000374405,120,1.75E-05,1.61E-05,4.12E-05,3.80E-05,163.46241,1.68E-05,266.8323389,-28.37180065,0,4.757503874,0,Unlikely,,,,
13914,13914,4.28E-10,1.23E-09,0.036595511,0.019675165,40,1.20E-05,8.15E-06,2.84E-05,1.92E-05,55.96288148,9.91E-06,266.8327791,-28.37178186,0,4.559520846,1,Check SI,core_172_K2,,,
13921,13921,1.33E-09,4.04E-09,0.007786541,0.002246795,131,1.92E-05,1.59E-05,4.53E-05,3.74E-05,98.73526561,1.75E-05,266.8325322,-28.37173807,0,9.494681456,3,Contour,,,,
13924,13924,3.15E-10,9.57E-10,0.002507036,0.001929418,31,1.10E-05,6.56E-06,2.60E-05,1.55E-05,-170.2632717,8.50E-06,266.8326521,-28.3717508,0,2.050807537,0,,,,,
13926,13926,4.97E-10,1.45E-09,0.01022314,0.005621324,47,1.27E-05,9.00E-06,2.98E-05,2.12E-05,156.5685706,1.07E-05,266.8331128,-28.37173711,0,7.696069542,1,Check SI,,,,
13928,13928,1.06E-09,3.18E-09,0.003131244,0.001315646,103,1.89E-05,1.28E-05,4.45E-05,3.02E-05,144.3716979,1.56E-05,266.8324265,-28.37170771,0,7.768189834,2,,,,,
13947,13947,2.69E-10,8.02E-10,0.0014022,0.001404375,26,1.10E-05,5.64E-06,2.58E-05,1.33E-05,130.555434,7.86E-06,266.8330901,-28.37167148,0,2.939545837,1,Not sure,,,,
13949,13949,3.05E-10,8.95E-10,0.009065167,0.00707895,29,1.17E-05,5.99E-06,2.75E-05,1.41E-05,118.2273924,8.37E-06,266.8328481,-28.37167382,0,4.765507837,0,,,,,
13950,13950,1.08E-09,3.02E-09,0.005939151,0.001856322,98,1.97E-05,1.26E-05,4.64E-05,2.96E-05,139.4940647,1.58E-05,266.8326761,-28.37166449,0,2.542874697,0,,,,,
13952,13952,7.00E-10,1.79E-09,0.001509734,0.000674271,58,2.08E-05,7.73E-06,4.89E-05,1.82E-05,127.4556481,1.27E-05,266.8332463,-28.3716577,0,2.144031925,0,,,,,
13958,13958,2.26E-10,6.79E-10,0.00116553,0.001241888,22,1.01E-05,5.16E-06,2.37E-05,1.21E-05,137.3931934,7.20E-06,266.8330206,-28.37166916,0,3.099125576,1,Not sure,,,,
13977,13977,3.28E-10,9.57E-10,0.002124075,0.001601175,31,1.84E-05,4.09E-06,4.34E-05,9.63E-06,130.4674794,8.68E-06,266.8331899,-28.37162066,0,4.453831938,0,,,,,
13978,13978,1.12E-09,2.78E-09,0.004825819,0.001489281,90,3.42E-05,7.53E-06,8.06E-05,1.77E-05,129.4173491,1.61E-05,266.8330899,-28.37158977,0,2.632288542,0,Bad contour,,,,
13979,13979,1.78E-10,5.25E-10,0.005126917,0.00652887,17,7.29E-06,5.62E-06,1.72E-05,1.32E-05,99.50431029,6.40E-06,266.8328544,-28.37162826,0,4.519535919,2,,,,,
13996,13996,3.37E-10,9.88E-10,0.000999489,0.00078568,32,1.08E-05,7.15E-06,2.55E-05,1.68E-05,118.5440535,8.80E-06,266.8329381,-28.37159848,0,1.701158794,0,,,,,
14003,14003,4.04E-10,1.27E-09,0.008213881,0.005133862,41,1.20E-05,7.73E-06,2.83E-05,1.82E-05,73.92611526,9.64E-06,266.8328114,-28.37157774,0,8.174327317,2,,,,,
14010,14010,1.76E-09,5.52E-09,0.020494396,0.004619844,179,2.98E-05,1.36E-05,7.01E-05,3.21E-05,128.7032128,2.01E-05,266.8332726,-28.37152586,0,26.57966096,2,Contour,,,,
14024,14024,1.13E-10,3.40E-10,0.000370032,0.000748071,11,6.61E-06,3.91E-06,1.56E-05,9.21E-06,-177.0961121,5.08E-06,266.8322979,-28.37155332,0,3.452720918,2,Two sources in B6,,,,
14026,14026,4.30E-10,1.36E-09,0.001850285,0.001207809,44,1.25E-05,7.88E-06,2.95E-05,1.86E-05,99.47863683,9.94E-06,266.8322672,-28.37152556,0,6.84086112,2,,,,,
14048,14048,1.51E-10,4.63E-10,0.001002876,0.001537477,15,6.77E-06,5.13E-06,1.59E-05,1.21E-05,100.1616997,5.89E-06,266.8328051,-28.37151924,0,2.371629383,0,,,,,
14049,14049,9.08E-10,4.17E-09,0.003003376,0.001259259,135,1.82E-05,1.15E-05,4.28E-05,2.70E-05,-169.0219339,1.44E-05,266.8326672,-28.37150491,0,4.756150888,2,,,,,
14053,14053,3.75E-09,1.70E-08,0.166290401,0.019468723,552,3.07E-05,2.80E-05,7.24E-05,6.59E-05,-168.1783682,2.93E-05,266.8329123,-28.37145699,0,31.04989952,2,HII region? Looks amazing,core_171_K3,,K3,1
14064,14064,6.57E-10,1.76E-09,0.003526742,0.001914629,57,1.52E-05,9.95E-06,3.57E-05,2.34E-05,167.3851758,1.23E-05,266.8330738,-28.37148269,0,5.589401589,2,,,,,
14090,14090,1.91E-09,5.19E-09,0.002260454,0.000552861,168,3.20E-05,1.37E-05,7.54E-05,3.23E-05,143.4607879,2.09E-05,266.8322193,-28.37138012,0,2.939852957,0,,,,,
14146,14146,1.34E-09,4.63E-09,0.003984927,0.001314829,150,2.30E-05,1.34E-05,5.41E-05,3.16E-05,50.17060908,1.76E-05,266.832115,-28.37129422,0,15.35670048,2,Bad contour,,,,
14161,14161,6.64E-10,1.94E-09,0.000867537,0.000333904,63,2.09E-05,7.31E-06,4.91E-05,1.72E-05,83.55866275,1.23E-05,266.8333446,-28.37126981,0,2.058332296,0,,,,,
14169,14169,9.61E-10,3.12E-09,0.002144071,0.000693731,101,2.01E-05,1.10E-05,4.73E-05,2.59E-05,-170.9084998,1.49E-05,266.8322008,-28.37127647,0,6.372577051,2,,,,,
14184,14184,3.89E-10,1.27E-09,0.000302697,0.000209506,41,1.60E-05,5.58E-06,3.77E-05,1.31E-05,-137.2780042,9.45E-06,266.8330185,-28.3712504,0,1.883684491,0,Fillament?,,,,
14187,14187,3.13E-10,1.02E-09,0.000250624,0.000222945,33,1.02E-05,7.07E-06,2.39E-05,1.66E-05,-175.1897152,8.48E-06,266.8323065,-28.37126154,0,2.061487649,0,,,,,
14193,14193,3.04E-10,9.88E-10,0.001446269,0.001287305,32,9.86E-06,7.08E-06,2.32E-05,1.67E-05,60.84241355,8.35E-06,266.8325896,-28.37124382,0,6.447851555,2,,,,,
14205,14205,4.37E-10,1.42E-09,0.002330849,0.001423578,46,1.36E-05,7.39E-06,3.20E-05,1.74E-05,-152.3958729,1.00E-05,266.8324804,-28.37123632,0,2.828618789,1,Not sure,,,,
14223,14223,1.21E-09,4.17E-09,0.009540076,0.002572767,135,2.23E-05,1.25E-05,5.24E-05,2.95E-05,57.68859391,1.67E-05,266.832527,-28.37119133,0,7.100708481,1,Not sure if this is a core,,,,
14230,14230,1.68E-10,5.25E-10,0.000600951,0.000819124,17,7.01E-06,5.50E-06,1.65E-05,1.30E-05,104.2426255,6.21E-06,266.8324251,-28.37121949,0,3.060890843,0,Not sure,,,,
14235,14235,1.96E-09,4.78E-09,0.001766252,0.000318901,155,4.00E-05,1.13E-05,9.41E-05,2.66E-05,68.43065508,2.12E-05,266.8327053,-28.37115382,0,2.235781245,0,Too faint,,,,
14236,14236,6.13E-10,1.45E-09,0.000475092,0.000279006,47,1.77E-05,7.95E-06,4.17E-05,1.87E-05,95.46180634,1.19E-05,266.8320745,-28.37119071,0,2.304062172,0,,,,,
14239,14239,1.49E-09,5.19E-09,0.004226821,0.001223965,168,2.18E-05,1.57E-05,5.14E-05,3.70E-05,97.3523879,1.85E-05,266.8332945,-28.37117651,0,11.84266409,3,contour,,,,
14255,14255,6.17E-10,1.14E-09,0.000759369,0.000510139,37,1.81E-05,7.84E-06,4.26E-05,1.85E-05,168.9045419,1.19E-05,266.8321864,-28.3711709,0,3.680441356,0,,,,,
14273,14273,5.08E-10,1.08E-09,0.001613477,0.00099474,35,1.72E-05,6.77E-06,4.06E-05,1.59E-05,137.109863,1.08E-05,266.8323779,-28.37114542,0,3.195830985,0,,,,,
14274,14274,1.17E-09,3.70E-09,0.008366241,0.002456721,120,1.86E-05,1.44E-05,4.38E-05,3.40E-05,-177.4840815,1.64E-05,266.8322989,-28.37112963,0,10.5484844,2,,,,,
14282,14282,5.31E-10,1.60E-09,0.000609722,0.000336392,52,1.38E-05,8.86E-06,3.24E-05,2.09E-05,57.27792532,1.10E-05,266.8326376,-28.37112732,0,1.475345941,0,,,,,
14324,14324,2.59E-09,6.91E-09,0.002230836,0.000407533,224,4.28E-05,1.39E-05,0.000100739,3.27E-05,-177.4899913,2.44E-05,266.8325396,-28.37104268,0,4.505735839,0,Don't think so,,,,
14344,14344,1.21E-09,3.06E-09,0.00084174,0.000247668,99,2.57E-05,1.08E-05,6.06E-05,2.55E-05,176.4328849,1.67E-05,266.8333471,-28.37103189,0,3.797011043,0,,,,,
14348,14348,2.18E-09,6.48E-09,0.009889698,0.003226832,210,2.75E-05,1.82E-05,6.48E-05,4.28E-05,-141.2107562,2.24E-05,266.8322735,-28.37097373,0,38.33195711,3,Contour,,,,
14365,14365,1.81E-09,9.20E-09,0.011811333,0.003773683,298,2.66E-05,1.56E-05,6.27E-05,3.68E-05,127.791669,2.04E-05,266.832949,-28.37099125,0,25.36040763,3,contour,,,,
14455,14455,7.61E-10,2.99E-09,0.001490297,0.00064256,97,1.74E-05,1.00E-05,4.10E-05,2.36E-05,-141.5544607,1.32E-05,266.8327577,-28.37088073,0,10.43517605,2,,,,,
14576,14576,1.21E-09,4.29E-09,0.002890351,0.001142754,139,2.85E-05,9.76E-06,6.72E-05,2.30E-05,47.23952601,1.67E-05,266.8330636,-28.3706704,0,12.44738426,3,min delta,,,,
14656,14656,2.78E-10,8.95E-10,0.000837369,0.000784815,29,9.83E-06,6.50E-06,2.31E-05,1.53E-05,-163.6687857,7.99E-06,266.833174,-28.37060737,0,4.774548542,2,,,,,
14680,14680,1.38E-09,4.78E-09,0.006874097,0.002075786,155,2.61E-05,1.22E-05,6.14E-05,2.86E-05,127.5392417,1.78E-05,266.8331556,-28.37054873,0,14.98144522,2,Contour,,,,
14722,14722,4.94E-10,1.48E-09,0.000709018,0.000374229,48,1.47E-05,7.73E-06,3.46E-05,1.82E-05,47.94778511,1.07E-05,266.832807,-28.37050193,0,3.19214617,0,Unlikely,,,,
14724,14724,5.79E-10,1.67E-09,0.001588384,0.000707136,54,1.48E-05,9.00E-06,3.47E-05,2.12E-05,-177.765281,1.15E-05,266.8326861,-28.3705127,0,3.641274874,0,Unlikely,,,,
14736,14736,5.27E-10,1.51E-09,0.000795226,0.000416335,49,1.81E-05,6.69E-06,4.26E-05,1.57E-05,168.4572592,1.10E-05,266.832902,-28.37050802,0,2.117545699,0,,,,,
14770,14770,7.57E-10,5.03E-09,0.057710923,0.029530996,163,1.53E-05,1.13E-05,3.61E-05,2.67E-05,-174.4248348,1.32E-05,266.8329055,-28.3704387,0,178.5540232,2,Check SI,core_170,,,
14787,14787,3.89E-10,1.14E-09,0.001283772,0.000855413,37,1.07E-05,8.31E-06,2.53E-05,1.96E-05,116.8142263,9.45E-06,266.8328179,-28.37042981,0,3.062376156,0,,,,,
14808,14808,3.19E-10,1.05E-09,0.001312977,0.001128007,34,9.58E-06,7.64E-06,2.26E-05,1.80E-05,163.9870937,8.56E-06,266.8329713,-28.3704042,0,7.799042889,2,,,,,
14833,14833,5.14E-10,1.48E-09,0.002790796,0.001263355,48,1.10E-05,1.07E-05,2.60E-05,2.51E-05,81.3927878,1.09E-05,266.8326983,-28.37037443,0,4.352644316,0,,,,,
14856,14856,2.21E-09,7.62E-09,0.0237856,0.004384966,247,2.68E-05,1.89E-05,6.32E-05,4.45E-05,77.17001454,2.25E-05,266.8327418,-28.37031222,0,15.3167574,2,Bad contour,core_252,,,
14865,14865,8.18E-10,2.41E-09,0.004285543,0.001356301,78,1.63E-05,1.15E-05,3.83E-05,2.72E-05,173.2504178,1.37E-05,266.8328556,-28.37032005,0,5.470307454,0,,,,,